Tiktoker name,Subscribers,Views,Likes,Comments,Shares,Month
...anddy_,1.1M,937.1K,141.9K,7.3K,792,9
.02h.88m,1.2M,917.8K,172.6K,1.6K,2.4K,9
.jmwalton,1.2M,3.4M,667K,15.3K,5.6K,6
_.anime.edits_0,97K,1.7M,75.6K,1.5K,8.7K,9
_.anime.edits_0,97K,1.7M,75.6K,1.5K,8.7K,6
_.respect.boss._,1.5M,4.4M,241.9K,249,797,6
_.the.meme.hub._,2.3M,3.8M,787.7K,2.9K,9K,9
_.the.meme.hub._,2.3M,3.8M,787.7K,2.9K,9K,6
___nicoichi___,1.3M,1.9M,225.3K,1.7K,1.1K,6
_amanndaraujo,4.3M,3.5M,172.6K,997,400,9
_andrewcurtiss,2.8M,2M,341.9K,5.5K,2.9K,9
_andrewcurtiss,2.5M,1.4M,300.4K,5.8K,4K,6
_emil_official,600.9K,2.5M,61.9K,1.2K,9.5K,6
_ikyikyyy,3.1M,1.5M,185.3K,1.5K,1.6K,6
_jennifernierva,1M,2.4M,321.1K,1.9K,1K,6
_lilg4,1.7M,4.4M,521.9K,5.5K,4K,9
_liltam,497.3K,2.2M,281.6K,370,623,9
_mister_z,4.9M,2.3M,407.3K,3.2K,3K,6
_nch04,4.9M,3.9M,235.3K,1.3K,1.2K,6
_space.draws_,2.6M,2M,227.1K,1.6K,817,6
_subtitulos_,92.8K,3.4M,432.7K,960,690,6
_surya_editz_,551.2K,3.5M,330.6K,1.1K,2.1K,6
_xochitl.gomez,7.3M,7M,1.3M,26,2.9K,9
_xochitl.gomez,4.4M,6.1M,1.1M,9,3.4K,6
_xsyalisx_,144.3K,1.8M,347.5K,2.4K,2.7K,6
000072mr,341.3K,2M,283.2K,1.2K,2.4K,9
0808sakura,1.6M,1.2M,144.7K,2.7K,1.5K,9
1_alkaisr_1,12.1M,1.9M,182.1K,690,1.8K,9
10july__,1.1M,1M,123.1K,672,4.3K,9
1642l4,15K,1.3M,64.2K,2.8K,13.6K,6
1asos,3.5M,2.5M,174.3K,1.2K,1.4K,6
230.s,13.6K,2.2M,159.2K,1.5K,1.3K,6
42psy42,3.9M,2.5M,417.8K,2.2K,1.2K,6
47bato,20.6K,1.3M,172.5K,1.1K,2.1K,9
4q2y,1.5M,1.7M,140.2K,3.6K,1.2K,6
5ifvi,1.4M,2.4M,199K,410,3.7K,9
6666pd,285.7K,924.5K,153.3K,422,7.9K,9
6footkillaa,952.7K,1.6M,257.2K,1.8K,588,9
7odzz,4.5M,2.2M,162.7K,1.6K,2.5K,9
7uss.n,1.5M,2.2M,225.5K,2.2K,2.5K,6
a.l.capone,75.9K,863K,34.5K,629,21.3K,9
aachoyy,494.9K,2.4M,356.2K,2.4K,519,6
abba,2.5M,10.1M,2M,7.6K,8K,6
abbieherbert,13.8M,3.7M,400.7K,917,581,9
abbieherbert,13.2M,4.2M,557K,1.4K,959,6
abbycasselberry,1.9M,1.8M,348.3K,1K,1.6K,9
abdelrhman_boda1,2.8M,8.1M,337.4K,1.3K,5.1K,9
abdullah_eltourky,7.3M,1.8M,200.5K,824,968,9
abir.sag,14.7M,4.3M,302.8K,2.8K,2.3K,9
abir.sag,12.7M,3.9M,302.8K,2.1K,2.1K,6
abo.zizo,4.7M,3.7M,225.3K,723,1.5K,9
aboody_kareem,7.2M,1.5M,167.7K,2.6K,1.5K,6
abopermak,73K,2.3M,69.7K,2.6K,1.7K,9
abosaed49,661.4K,2.1M,169.4K,3.1K,3.9K,9
abusrwal1996,1.4M,1.7M,190.6K,2.1K,1.4K,9
acdc,394.2K,1.1M,182.2K,879,2.6K,9
acpitos,489.6K,5.7M,858.8K,3.5K,3.1K,9
actressbecc,1.4M,745.2K,207.4K,1.5K,3.7K,6
actually.average,1.2M,1.1M,320.9K,4K,3K,6
adammilardovicc,8.1M,2.2M,184.8K,1.6K,943,6
adamsheey,5.3M,1.2M,235.9K,845,1.9K,9
adamsilvera,93.7K,2.2M,616.3K,6K,4.6K,6
adamw,16.9M,2.4M,266.3K,915,1.8K,9
addisonre,88.7M,22M,906.6K,7.6K,26.2K,9
addisonre,88M,7.5M,704.3K,4.3K,2K,6
adi.syahreza,7M,2.2M,278.7K,1.9K,1.8K,6
adrianbliss,7.3M,2.3M,413.3K,1.1K,1.7K,9
adrianbliss,6M,3M,479K,1.5K,4.8K,6
adrilatinatv,25.6M,3.1M,243.4K,1.5K,190,6
ae_ay__99,1.5M,3.2M,162K,1.3K,3.2K,9
aemilst,1.3M,1.5M,224.3K,2K,3.4K,6
aerilzafrel8,1.9M,2.3M,216.8K,4.7K,1.8K,6
aespa_official,5M,9.5M,2.2M,33.9K,29.2K,6
afrae.es,6.6M,2.7M,185.7K,594,860,9
agustinlocutor,1.8M,1.6M,100K,986,4.2K,9
ahmadmahroom99,1.3M,3.3M,143.5K,923,2.3K,9
ahmedhelmy,7M,2.6M,184.4K,952,1.8K,9
aichangemoy_,8.4M,2.7M,250.5K,3.2K,2.6K,6
aidanmrz,1.1M,2.5M,157.8K,991,512,9
aiki_kr,2.1M,1.9M,361.4K,1.7K,1.3K,6
ailaughatmyownjokes,1.9M,1.4M,340.4K,1.4K,4.3K,6
aileenchristineee,5.8M,1.4M,224.1K,681,1.9K,9
airiiqtieeee,53.1K,1.8M,321.3K,2.7K,2.6K,9
aitch12,2M,3.5M,351.4K,2.1K,2.3K,9
ajkhiphop,36.5K,4.6M,670.6K,686,355,9
ajkhiphop,36.5K,4.6M,670.6K,686,355,6
akamztwenty20,20.4M,3.8M,410.5K,1.3K,1.7K,6
akgunnice,2.4M,4.6M,143K,1.3K,436,6
akramadinas,3.9M,1.6M,374.6K,3.1K,1.2K,6
alanthedude,681.8K,3.7M,636K,3.5K,1.8K,9
albert_cancook,8.1M,2.4M,265.2K,829,624,9
albert_cancook,6.7M,6.2M,524.9K,1.9K,2.1K,6
albertinasacaca,1.5M,4M,464.4K,2.4K,787,6
albertinasacaca1,6.5M,2.6M,241.7K,1.6K,505,9
albertinasacaca1,4.8M,2.5M,226.1K,2.5K,575,6
alejandrodelcarpio96,148.6K,2.5M,233.8K,1.5K,255,6
alex_abt,109K,2.3M,371.5K,592,307,6
alexandramadison_,1.3M,971.2K,135K,552,5.2K,9
alexbatistao,3.2K,951.7K,46.6K,1.7K,19.4K,6
alexitoxedits,2.9M,1.6M,467.1K,3.9K,4.4K,9
alexitoxedits,2.8M,966K,276.7K,2.5K,3.3K,6
alexojeda,8.1M,2.6M,272.6K,802,2.2K,9
alexwaarren,15.5M,2.4M,419.8K,992,809,9
alexwaarren,15.3M,2.7M,643.7K,635,417,6
alezha.obukhov,1.3M,2.6M,309.2K,1.1K,851,9
alezha.obukhov,681.2K,2.2M,251.1K,697,1.2K,6
alfaanm,101.1K,647.2K,45.7K,1K,35.7K,6
ali.samir11,2.5M,1.7M,215.7K,6.7K,982,6
aliciasaavedra_,353.1K,4.9M,113.8K,1.3K,25.8K,6
alliep.andrews2nd,31.4K,3.1M,432.6K,1.4K,750,6
alostrich,1M,1.1M,134.3K,1K,5.1K,9
alrslani20,499.8K,2.3M,100.2K,2.1K,4.7K,6
altarvision,167K,1.1M,268.1K,1.1K,1.2K,9
alteregofanbase7,178.7K,2.6M,267.3K,560,654,6
alwanr__,6.9M,2.5M,237K,630,558,9
alxjames,2.2M,896.7K,152.8K,899,4.8K,9
alxjames,2.1M,1.7M,278.5K,1.9K,9.7K,6
alzoubinadia,5.5M,1.5M,75.9K,738,6.2K,9
amauryguichon,14.5M,11.4M,1.5M,7.2K,11.8K,9
amauryguichon,11.2M,17M,1.4M,10.7K,15.2K,6
amika0429.14,1.2M,1.3M,96.8K,3.2K,1.5K,9
amrmaskoun,967K,2M,169.9K,2.1K,1.8K,6
amxnahali,63.2K,1M,178.2K,2.3K,1.4K,9
ana_eusse,13.3M,3M,392.2K,825,141,9
ana_eusse,11.7M,2.4M,343.6K,1K,166,6
analisseworld,10.4M,1.9M,358.6K,652,1.3K,9
analisseworld,10.3M,2.3M,418.7K,926,1K,6
anaraquelhz,4M,1.6M,185.9K,1.4K,6.8K,6
anardreams,15.9M,3M,131.1K,1.9K,376,9
anas_elshayib,3.9M,3.1M,182.1K,4.6K,1.9K,6
andcarli,11.7M,6.3M,212.2K,684,578,9
andcarli,8.1M,7M,236.5K,1.3K,589,6
andreluizframbach,1.4M,3.6M,216.2K,285,1.3K,9
andremastijan,786.7K,1.2M,111.5K,876,6.2K,9
andremastijan,723.7K,5.2M,360K,2.7K,12.5K,6
andresgjohnson,4.1M,1.1M,186.4K,935,4.5K,9
andy.and.michelle,5M,2.6M,336.3K,1.4K,3.4K,9
andy.and.michelle,4.4M,2.8M,399.9K,1.8K,4.6K,6
andyarthursmith,2.2M,3.3M,564.7K,3.3K,2.8K,9
andyarthursmith,2.2M,3.3M,564.7K,3.3K,2.8K,9
angryreactions,26.6M,1.5M,257.1K,1.3K,376,9
anitta,20M,2.4M,256.8K,945,380,6
anna..paull,5.2M,2.4M,424.7K,1.3K,375,9
anna..paull,4.4M,3.1M,731.7K,2.1K,474,6
annafontanela,3.9M,2.1M,313.4K,1.2K,292,9
annajobling,477K,4.1M,482.7K,4.5K,2K,6
annapep3,1M,1.7M,337.1K,1.3K,1.5K,9
annaxsitar,12M,2.6M,372.8K,417,442,9
annaxsitar,11.9M,3.1M,454.2K,741,424,6
anxietycouple,12.2M,2.4M,271K,893,526,9
anyaischuk,11.8M,1.9M,219.3K,877,692,9
apinyabunying,215.6K,1.5M,204.1K,1.2K,1.3K,9
apollolikesblu,3K,702.3K,124.5K,9.5K,2.1K,6
arafat.buffon,1.4M,4.3M,246.7K,460,1.5K,9
aragonclyrics,1.4M,1.3M,94.4K,96,7.7K,9
areyoukiddingtv,4.8M,4.1M,648.8K,2.5K,316,6
arfaytb,372.7K,894.1K,108.7K,456,7.6K,9
arfaytb,372.7K,894.1K,108.7K,456,7.6K,6
argentinidadnovelera,91.8K,1.8M,160.5K,953,10.8K,6
arigameplays,23.2M,2.8M,320.7K,1.4K,867,9
arigameplays,21.5M,4.9M,559K,2.7K,2.3K,6
armando_netto,4.8M,2.1M,226.1K,1.9K,225,9
armandogreiser,52.4K,621.4K,112.5K,1.3K,11.4K,9
artbydemarcusshawn,6.1M,1.8M,273.8K,2.7K,2.8K,6
artistliilz_,342.6K,1.6M,240K,2.9K,973,9
ashhasacamera,871.7K,3.4M,854.7K,4.1K,2K,9
ashmonterooo,8.9K,2.6M,437.2K,6.6K,15.4K,6
aspenackley,2.2M,1.3M,192.1K,598,1.9K,9
atom221220,2.8M,1.3M,241.8K,1.4K,821,9
aubreyandersonemmons,1.1M,1.8M,320.8K,2K,1.8K,6
augustogimenez,13.5M,4.1M,608.8K,1K,605,9
augustogimenez,12.5M,4.4M,562.8K,1.2K,538,6
aureliehermansyahatta,8.7M,2.1M,187.4K,989,779,9
aureliehermansyahatta,7.4M,1.9M,190.1K,1.4K,1.3K,6
aurikatariina,7.4M,8.9M,1M,4K,3.7K,6
aussiesdoingthings,2.7M,1.2M,170K,602,3.6K,6
aussiesdoingthings,2.7M,1.2M,170K,602,3.6K,6
austenalexander,321.4K,1.3M,125.7K,1.1K,5.2K,6
austinandlexi,4M,1.8M,332.6K,1.1K,1.7K,9
avanireyes,5.1M,3.5M,283.6K,1.9K,542,6
avascreams,705K,1.2M,372.6K,2.8K,639,9
awildani13,77.2K,3.7M,498.4K,5.9K,4.4K,9
awildani13,77.2K,3.7M,498.4K,5.9K,4.4K,6
ayaatanjali_,5.9M,1.6M,303.1K,1.2K,780,6
ayanakamachi,1.5M,3M,204.2K,1.1K,1.6K,9
ayanakamachi,1.4M,3.2M,206.5K,1K,1.8K,6
aybukeyim,1.2M,3.1M,162.7K,2.1K,500,6
aydenmekus,11.5M,2.1M,204.7K,2.9K,491,9
aydenmekus,10.5M,3.6M,275.4K,8.6K,1.3K,6
ayesebastien,7.2M,2M,396.5K,2.1K,1.8K,9
ayesebastien,7.2M,2M,396.5K,2.1K,1.8K,6
aylin.criss,17.3M,2.6M,385.7K,2.1K,355,6
aymanehamedi,1.1M,3.4M,298.5K,2.8K,9.8K,9
ayutingting,7.2M,2.9M,239.2K,1.5K,2.1K,9
azzyland,4.6M,5.3M,774.2K,7K,462,9
b.blek,2.6M,8M,616.7K,6.4K,7.4K,9
badbunny,22.2M,48.9M,9M,58.4K,96.7K,6
baimwong,8.5M,2.1M,130.6K,2K,1.9K,6
bankkamo46_,1.3M,1.5M,204.7K,1.1K,3K,9
bankkamo46_,1.3M,1.5M,204.7K,1.1K,3K,6
bankrolldyl,5M,1.1M,226.9K,1.2K,1.2K,9
bara_ze,2.5M,1.8M,118.8K,4.3K,2.4K,6
barbaracoura,9.5M,1.4M,295.7K,1K,922,9
barbaracoura,8.8M,1.5M,239.7K,1.4K,816,6
bargain.bethany,124.8K,2.2M,208.7K,1.8K,28.3K,9
basementgang,5.7M,1.4M,296K,1.5K,2.9K,9
basementgang,5.4M,2.9M,256.2K,1.9K,2.7K,6
bavariamedic,489.7K,7.1M,553.6K,1.6K,3.4K,6
bayashi.tiktok,33.6M,4.4M,492K,2.6K,786,9
bayashi.tiktok,28.4M,6.2M,713.1K,3.6K,2K,6
baylenlevine,4.2M,1.2M,190.3K,2.9K,903,6
bdylanhollis,8.6M,3.5M,792.8K,4.1K,10.4K,6
beamngshorts,2.8M,2.9M,158.9K,1K,630,9
bear,1.2M,2.8M,284.4K,1.1K,371,6
beberexha,7.3M,2M,278K,3.7K,1.8K,6
bebopandbebe,750.4K,3.3M,127.2K,7.6K,354,9
bebopandbebe,750.4K,3.3M,127.2K,7.6K,354,6
beca,23M,1.7M,219.8K,2.2K,1.5K,6
bela,8.8M,2.7M,390.7K,936,982,9
belindatok,4.8M,14.2M,1.5M,14.5K,15.3K,9
bellafoodie,4.2M,2.4M,313.7K,474,1.1K,9
bellafoodie,4.2M,2.3M,271.8K,709,778,6
bellapoarch,91.4M,7.4M,677.3K,4.9K,1.1K,9
bellapoarch,90.2M,6.8M,921.9K,9.5K,1.2K,6
bellaretamosa,5.4M,2.3M,394.3K,1.1K,709,6
ben_brainard,2.6M,1.3M,296.9K,1.2K,1.1K,6
benazelart,15.7M,2.6M,221.6K,1.2K,452,9
benedictpolizzi,2M,3.6M,360.2K,230,775,9
benjikrol,31.1M,1.6M,234.7K,1.8K,348,6
bennyvelour,326.6K,786.5K,184.4K,2.5K,4.9K,9
benorsini,543.8K,2.2M,293.3K,2.8K,718,9
benyaparimm,519.3K,3.6M,186.1K,1.5K,5.2K,9
berusahalucu,694K,3.9M,239.8K,954,940,6
bessan_esmail,11.3M,2.1M,160.5K,1.4K,1.3K,9
bessan_esmail,10.4M,2.5M,175.7K,2.6K,1.3K,6
bhadbhabie,6.3M,5.1M,899.5K,3K,4K,9
bhaviboi,279.7K,3.4M,346.9K,677,791,6
bi_131_bi,1.4M,1.1M,232.1K,2K,1.3K,6
bibidong07,5.7K,1.9M,149.8K,6.6K,3.9K,6
bigdaddydmurph,1.3M,1.9M,125.1K,1.4K,2.4K,9
biggieclean,4.8M,3.7M,364.5K,1.4K,456,6
bigtugg,1.3M,2M,444K,3.1K,5.3K,9
bigweirdworld,1.5M,1.1M,304.2K,2K,4.5K,9
bikedasher,4.3M,2.5M,398K,1.5K,407,9
bilal.hd91,2.1M,1.5M,175.1K,3.1K,1.2K,6
bilalahy,3.5M,2.2M,492K,1.9K,4.7K,9
bilalahy,2M,1.1M,224.5K,1.3K,2.1K,6
bilalfadilii,1.3M,1.6M,190.5K,2K,2.6K,9
billlnai,8.7M,3.4M,934.2K,2.6K,1.9K,9
billlnai,8.5M,1.7M,403.7K,958,912,6
birovr,3M,6.4M,760.9K,6.1K,14.3K,9
bizarrap,5.8M,16.2M,2.7M,4.2K,6.9K,9
blacchyna,1.1M,1.7M,174.2K,3.7K,1.1K,6
blacksels,59.1K,620.8K,208.8K,1.8K,5.4K,6
blakeb628,568.4K,1.3M,161.3K,1.1K,10.3K,6
blamerobertjames,159.3K,3.5M,347.2K,4.4K,3.9K,9
blkk.1,470.5K,1.6M,237.2K,1.1K,1.6K,9
blondebrunetteredhead,12M,14.2M,2.6M,9.8K,7.5K,6
bobbialthoff,3.5M,2.9M,207.4K,477,1.1K,9
boberrybiscuits2,59.8K,1.5M,309.9K,1.9K,7.5K,6
booboothafoocloset,1.4M,1.2M,314.5K,673,1.3K,6
boomershroomer,63.8K,4.1M,286.4K,2.4K,3.2K,9
borhen.kachbouri,204.1K,3.6M,331.2K,926,604,6
botakteras,2.8M,2.4M,207.1K,1.7K,529,6
boywithuke,5.8M,1.6M,242.3K,1.6K,306,9
boywithuke,4.9M,1.7M,209.3K,2.2K,691,6
bp_tiktok,31.2M,4.5M,839.6K,13.9K,22.2K,9
braceletsbyk_,274.1K,1.7M,226.1K,1.1K,1.8K,9
bradley.thor,5.7M,1.3M,142.4K,1.8K,3.2K,9
brandonrogers,1.5M,2.7M,497K,1.7K,4.7K,6
brandonspam_,8.5M,1.5M,236.5K,1.4K,220,9
brandonspam_,8M,1.9M,380.2K,2.1K,348,6
brendadialoy,371.9K,1.2M,187.5K,626,2K,9
brentfordfc,1.2M,1.9M,252.3K,1.6K,1.1K,9
brentrivera,44.9M,4.9M,574.4K,2K,813,9
brentrivera,43.9M,2.9M,540.2K,2.2K,321,6
bretmanrock,14.4M,2.9M,599.9K,2K,1.4K,9
bretmanrock,14.2M,3.2M,617.2K,1.7K,1.4K,6
bricks.and.disorder,755.3K,2.5M,448.1K,1.2K,666,6
briggi_bozzo,23.9M,5.2M,361.9K,787,245,9
briggi_bozzo,22M,3.6M,335K,388,571,6
brilionaire,4.4M,2.2M,229.4K,612,2K,9
brilionaire,3.9M,4.1M,369.6K,2.1K,7K,6
britneyspears,7.1M,1.3M,107.8K,3.5K,2.3K,9
brittany_broski,7M,1.3M,236.7K,1.2K,1.4K,6
brittikitty,13.5M,3.1M,433.3K,1.2K,1.7K,9
brittikitty,12.6M,3.7M,550.9K,2.1K,2K,6
brodywellmaker,21.6M,3M,430.3K,3.6K,1K,9
brodywellmaker,21.1M,6.3M,853K,6.1K,16.4K,6
brookemonk_,23.6M,5.9M,678.9K,1.9K,1.4K,9
brookemonk_,23.6M,5.7M,620.8K,1.8K,1.3K,9
brookemonk_,20.3M,2.7M,466.9K,2.2K,1.2K,6
brunabarbieoficial,18.4M,2.6M,168.8K,12K,1.9K,6
brunocampos,5.2M,5.4M,360.6K,626,619,9
brycehall,22.7M,4.8M,497.8K,1.5K,711,9
bryceheemjames,834.6K,1.4M,237.6K,1.8K,688,9
bstchld,4.4M,2.8M,362.7K,3.1K,5.2K,6
bswagggy,16.8K,1.2M,294.6K,1.3K,5.1K,9
bu_kre_sabi,472.4K,5.1M,255.2K,659,2.6K,9
bukanstreet,1M,1.3M,171.5K,2.4K,1.5K,6
bulochkapelmen,3M,2.9M,184.8K,1.9K,1.2K,9
burnaboyofficial,972.8K,1.3M,164.5K,1.8K,2.4K,6
busheadoph,14.3M,3.2M,209.9K,709,215,9
c4tluvr666,2.6M,1.6M,312.6K,934,765,9
c4tluvr666,2.4M,2.7M,558.5K,1.4K,1.5K,6
cakelegend,1.3M,3.5M,900.6K,14.6K,1.1K,6
caleb.green,2.9M,3.1M,256.4K,897,329,6
calebrownn,5.5M,834.6K,148.2K,1.9K,2.8K,9
calfreezy,960.6K,6.5M,869.1K,1.7K,2.4K,9
camilo,28.8M,2.4M,275.9K,567,1.5K,9
camimendes,2.6M,6.2M,971.2K,2.8K,777,6
camxnie,3.5M,1.9M,323.6K,1K,5.3K,9
canalzezao,5.9M,1.9M,105K,1.1K,6K,6
caocuongvu,3.7M,3.4M,395.4K,2.2K,797,6
captain.cream,4.2M,2.8M,345.5K,3.2K,4.2K,6
cardncyn,3.8M,3.9M,541.9K,801,318,9
carebearkieran,469.1K,1.6M,354.4K,1.2K,2K,6
carlcunard,3M,5M,158.3K,1.3K,3.1K,6
carlevellyn,1.7M,2M,349.6K,2K,572,9
carloandsarah,4M,2.1M,219.6K,695,924,9
carloandsarah,3.7M,2.7M,240.6K,886,2.3K,6
carloscastroes,12.5M,1.6M,166.5K,285,2.5K,9
carloscastroes,12M,1.6M,152.3K,400,3.1K,6
carloscastroes,12M,1.6M,152.3K,400,3.1K,6
carlosferiag,40.1M,2.5M,203.7K,1.9K,163,9
carlosferiag,39.2M,3.3M,251.9K,2.2K,203,6
carolcastromx,12.7M,3.4M,450K,1.3K,379,9
carolcastromx,11.3M,3.1M,440.7K,1.5K,367,6
carolinarinconf,5.5M,5.9M,654.1K,3.2K,2.9K,6
carolvillanes,6.3M,2M,294.7K,4.8K,467,9
carolvillanes,5.5M,1.9M,336.4K,6.6K,322,6
carrydisini,3.3M,3.1M,274.1K,518,694,9
cassholland,1.9M,1.9M,287.7K,856,571,9
cassholland,1.7M,2.4M,390.2K,1.4K,943,6
cassy.legaspi,5.8M,3.7M,369.7K,1K,590,9
cauamacedo,11.4M,1.6M,231K,2.9K,1.1K,9
cauwave,1.4M,2.6M,396.6K,2.7K,8.2K,9
cavalo.do_rock,154.4K,1.4M,258.5K,7K,17.7K,6
cbum,2.6M,1.6M,215.8K,1.1K,2.7K,6
cciinnn,6.6M,2.6M,296.4K,1.7K,588,6
cdiasss_,2.5M,1.9M,497.4K,2.3K,977,6
cecia.loaiza,6.2M,1.9M,277.7K,2K,388,6
cedricgrolet,1.3M,3.3M,251.8K,1.1K,2.7K,9
cedriklorenzen,2.9M,1.1M,115.3K,2.3K,3.2K,9
cedriklorenzen,2.5M,3M,301.1K,4.3K,8.1K,6
celinaspookyboo,26M,1.6M,246.7K,1.2K,625,9
cellat36,8.6M,5.4M,307.5K,5.2K,1.9K,9
cellat36,8.5M,1.9M,171.4K,5.4K,1.6K,6
cemresolmaz,10.4M,2M,137K,6.2K,1.7K,9
cemresolmaz,10.3M,2.4M,164.3K,6.4K,1.6K,6
cerenyaldz,9.4M,4.4M,184.1K,4.8K,712,9
cerenyaldz,9.3M,1.1M,97.7K,7.9K,1.5K,6
cerolzera,4.1M,1.7M,180.4K,2.7K,1.3K,6
cesarpantoja.n,14M,2.2M,347.1K,1.2K,283,9
cesarpantoja.n,13.2M,3M,489.1K,1.3K,311,6
cha.momilie,1.2M,2M,282.1K,2K,1.1K,6
championsleague,16M,2.3M,293.5K,823,1.2K,9
championsleague,14.9M,3.8M,551.9K,3.4K,2.3K,6
chamrent,2.1M,3.7M,370.9K,1.7K,1.3K,6
chanelterrero,404.7K,2.3M,257K,1.5K,387,6
chang._.a,22M,1.4M,286.2K,3.6K,1.9K,6
charl1d4meli0,64.6K,5.4M,804K,6.9K,1.7K,9
charlidamelio,146.2M,15.2M,959.4K,20.8K,4.6K,9
charlidamelio,142M,16.4M,1.8M,27.3K,9.5K,6
charlieputh,19M,2M,324.8K,1.9K,937,9
charlieputh,17.2M,1.9M,234.6K,2.6K,772,6
charlotteless,1.2M,2.4M,226.2K,544,1.5K,9
charlymarieofc,966K,1.3M,103.1K,1.5K,5.4K,6
charlyokei,4.1M,3.6M,343.5K,824,1.1K,6
charrliiieeee,5.1M,12M,470.2K,1.7K,2.9K,9
chedurena,6.8M,2M,231.5K,1.7K,6.8K,6
cheekykiddo,4.1M,2.2M,231.8K,489,1.6K,6
chicken_nugget_.0,862.7K,1.6M,240.6K,1.9K,2.8K,6
chiefilomeno,2.8M,2.4M,179.1K,1.5K,596,6
chihuahuapeaches,295.2K,1.5M,296.7K,2K,3.6K,9
chikakiku,8.5M,3.3M,247.1K,2.1K,679,6
chikn.nuggit,4.7M,948.5K,146.9K,3.2K,1.1K,9
chimeconem.official,637.6K,3.9M,247K,599,442,6
chinguamiga,20.1M,2.5M,469.4K,1.1K,377,9
chocopla_osada,688.4K,2.3M,107.9K,977,3.8K,9
choega,5.5M,2.1M,348.2K,4.1K,2K,9
choega,5.5M,2.1M,348.2K,4.1K,2K,6
chourouk.model_official,4.8M,3.4M,147.2K,851,2.4K,6
chris,8.1M,1.8M,368K,559,424,9
chris,7.7M,2.1M,353.3K,897,895,6
chrisbrownofficial,6.2M,2.2M,306.6K,3.6K,3.6K,6
chrisdelia,2M,1.1M,163.2K,1.1K,3.1K,6
christianfabiannn,13.4M,2.2M,311.9K,1.8K,130,9
christilukasiak0,2.3M,2.3M,369.3K,1.8K,1.2K,9
christophersturniolo,2.7M,1.6M,361.2K,5K,1.3K,9
cicichania96,2.7M,2.7M,188.1K,2.3K,1.6K,6
cirowhites1.0,2.3M,1.7M,301.7K,908,895,9
cizimmektebi,338.1K,6.1M,239.6K,3.3K,6.8K,6
claragnds,18.6M,1.9M,191.8K,1.8K,648,9
claragnds,17.1M,1.8M,219.2K,2.4K,1.2K,6
clerishwijaya,494.2K,1.8M,129.9K,2.6K,3.6K,6
clmnsbrock,1.6M,1.4M,152.8K,532,3.3K,9
clubgodzilla,195.2K,3.1M,618.6K,4.6K,1.7K,6
cocielo,5M,2.3M,675.9K,2K,4.1K,9
cocielo,4.6M,3.6M,438.2K,601,613,6
codsterss,58K,13M,951.6K,13.2K,136K,6
coleandersonj,1.8M,1.4M,262.1K,1.1K,1.2K,9
colewherld,5.3M,2.9M,277.1K,977,1.6K,9
com.hyuga1117,1.1M,1.5M,165.8K,4.7K,993,9
com.yamato0515,1.9M,1.2M,176.4K,4.3K,1.7K,9
com.yamato0515,1.8M,2.3M,213.7K,2.8K,1.5K,6
com.yamato0515,1.8M,2.3M,213.7K,2.8K,1.5K,6
com.yuta0305,1.2M,1.7M,225.6K,4.7K,1.9K,9
com.yuta0305,1.2M,2.2M,226.7K,2.4K,1.9K,6
com.yuta0305,1.2M,2.2M,226.7K,2.4K,1.9K,6
conangray,6.4M,3.9M,1.1M,7K,4.9K,9
conangray,5.7M,1.4M,363.2K,3.7K,1.8K,6
connordewolfe,5.4M,3M,628.4K,1.6K,9K,9
conormaynard,6.8M,1.7M,160.4K,2.5K,3.1K,9
conradovillagra,10.9M,3.2M,260.4K,864,167,9
cookiepuentee,686.1K,1.4M,336.8K,1.8K,6.6K,9
coopernoriega,2.9M,4.2M,287K,2.5K,1.6K,6
cowboyjess,320K,1.6M,315.9K,719,509,9
cr.limit,40.4K,2.8M,189.8K,2.4K,1.9K,9
creatingwonders,11.6M,752.9K,96.3K,1.4K,8.8K,9
creationsross,2.4M,3.2M,402.1K,1.2K,4.3K,6
creative_explained,4.5M,1.9M,184.9K,836,7.8K,6
criminalksa,1.1M,3M,223.6K,1.2K,859,6
cris_soto.09,361.4K,2.3M,126.5K,340,5.2K,6
crisp.ink,620.6K,2.2M,536.9K,4.1K,10.6K,6
cristobalsoria,720.4K,1.1M,111.4K,3.8K,4.9K,9
cristobalsoria,701K,3M,392.8K,6.6K,14.5K,6
cryingben,1.6M,2M,442K,3.7K,764,9
cuongkido,1.5M,3.6M,221.9K,869,704,6
cvillaloboss,13M,6M,500.6K,2.9K,927,6
cvsthetico,168.2K,2.3M,313.1K,2.5K,1.8K,9
cx_.q,3.3M,3.1M,254K,2.3K,1.5K,9
cznburak,63.6M,4.6M,228.4K,2.3K,978,9
cznburak,59.5M,4.3M,288.9K,1.6K,927,6
daddyyankee,12.1M,1.2M,197.8K,1.8K,1.2K,9
daffaxml,864.5K,1.9M,190.3K,2.8K,1.3K,6
dafnnejm,3.8M,3.7M,667.9K,1.4K,1.3K,9
dafnnejm,2.1M,1.6M,354.7K,688,761,6
dal9_5,102.6K,1.8M,204.2K,4.3K,10.9K,6
danethegreatt,2.5M,1.3M,109.6K,896,4.3K,9
dangthuhaf,980.5K,2.5M,300.4K,672,341,9
daniel.labelle,27M,5.2M,816.8K,3.8K,8.4K,9
daniel.labelle,26.2M,5.5M,777K,2.6K,3.4K,6
danielzencon,36.6K,1.2M,174.3K,1.1K,4.6K,9
daniimolalaa,499.9K,2.4M,586.5K,998,1.3K,9
daniuniverse,9.7M,3.1M,322K,956,867,9
danivallem,4.8M,1.2M,86.3K,963,12.4K,9
danivallem,4.5M,1.4M,108.4K,764,16.1K,6
dannapaola,16.3M,4.5M,554.1K,1.6K,778,6
danphto,448K,2.3M,206.9K,2K,382,6
danythegaggio,3.2M,2M,217.2K,2.3K,5.2K,9
danythegaggio,3M,2.2M,300.2K,2.5K,12.1K,6
daotthungan,1M,3.1M,229.7K,985,301,6
daraarafah24,786.4K,3.3M,429.8K,5.8K,2.7K,6
darianrojasc,30.7M,3.3M,542.4K,2.4K,440,9
darianrojasc,30.4M,8.1M,1M,3.9K,1.2K,6
darylsabara,695.7K,3.6M,628.5K,1.9K,2.1K,9
dasigantung,5.9M,4.6M,648.5K,842,1.3K,9
dasigantung,5.6M,2.7M,426.2K,1.2K,918,6
datdo0803,7.6M,3.7M,368.2K,2.6K,1.1K,9
datdo0803,6.9M,5.8M,592.4K,2.2K,696,6
datvilla94,6.9M,2.7M,192K,8.6K,2.6K,9
datvilla94,7.1M,4.5M,490.8K,8.3K,4.6K,6
daveardito,8.8M,3.9M,330.6K,2.6K,1K,6
davidcstt_,5.3M,3.5M,480.5K,1.9K,1.4K,9
daviddobrik,26.2M,4.4M,440.6K,1.7K,4.6K,9
daviddobrik,26M,5M,854.6K,2.1K,2.6K,6
davidgalvanv,4.8M,2.1M,291.8K,2K,548,6
davidgetial,14.8M,1.9M,322.5K,1.1K,291,9
davidguetta,4.5M,4.4M,419.9K,4.1K,5.9K,9
davidsiwonchoi,2.5M,1.9M,309.7K,2.2K,1.8K,6
davidspade,4.5M,1.1M,158.6K,1.5K,1.8K,9
davidyrodriguez,8M,1.4M,256.6K,1K,1.7K,6
dbl_n,2.2M,3.6M,392.9K,2.4K,2.1K,9
deandreee,1.9M,1.9M,315.1K,826,1.6K,9
dearra,3.7M,2.5M,458.4K,792,923,9
deborahyowa,14.5M,6.9M,351.4K,6.5K,2.7K,6
dede_harlan_,295.6K,957.7K,228.1K,1.9K,3.8K,9
deiveleonardooficial,6.1M,1.3M,139.3K,370,14.2K,9
deiveleonardooficial,5.8M,1.8M,194.8K,1.9K,39.7K,6
delaneysayshello,1M,1.3M,224.6K,1.3K,2.9K,6
dennnyn,3.4M,1.1M,148K,959,6.7K,6
dennysumargoreal,3.3M,3.5M,187.2K,1.4K,386,9
deon.k.washington,112.8K,717.2K,125.3K,1.4K,7.7K,6
dereklipp_,5.3M,3.1M,440.5K,2.5K,15.7K,9
dereklipp_,4.9M,2.5M,348.2K,1K,4.4K,6
dermdoctor,16.6M,3.5M,248.6K,1K,826,9
devankey,8M,6.9M,976.2K,8.6K,3.7K,9
devincaherly,8.5M,4M,444.9K,894,147,9
devincaherly,7.9M,2.7M,279K,1K,119,6
devon_palmer,1.9M,2.1M,432.5K,1K,1.7K,6
dexter.the.tabby,159.2K,4.7M,1M,12.4K,13.1K,6
dhanihehee,1.4M,1.8M,138.3K,4.3K,661,6
dhar.mann,14.3M,4.2M,528.1K,6.9K,2.4K,9
dhddecor,76.5K,1.1M,141.1K,574,4.4K,9
dialaaljazairi,198.7K,4M,113.2K,3.1K,2.4K,9
didiwinx,5.2M,2M,289.7K,1.3K,575,9
diefebri19,686.7K,1.7M,227.2K,1.8K,293,6
diegodiego_,7.8M,3.3M,496.8K,2.5K,2.1K,6
diiegospyckerzs,808.5K,2.8M,154.5K,3K,11.8K,9
diiegospyckerzs,808.5K,2.8M,154.5K,3K,11.8K,6
dilanjaniyar,1.7M,2.2M,283.9K,1.6K,1.1K,6
dilanjaniyar_2,2.6M,1.9M,228.5K,1.9K,603,9
dilanjaniyar_2,2.5M,2.2M,262.7K,1.6K,1.3K,6
dilaraaduman,2.2M,4.7M,338.3K,1.5K,1K,6
dina_kalanta,2.5M,3.1M,243.2K,1.2K,341,9
dissectpodcast,471.6K,1.3M,252.5K,1.4K,5.3K,6
ditanganu,7.7M,2.4M,211.4K,846,363,9
ditanganu,5.9M,3.6M,416.1K,2.4K,768,6
dixiedamelio,57.4M,2.4M,220.5K,1.9K,424,9
dj_hyo,1.6M,3.2M,606.7K,5.6K,3.2K,6
djadelilyes,390K,2.1M,311.8K,1.1K,1.6K,9
djsnake,2.3M,2.2M,247.8K,1.9K,1.5K,6
dmcomics,493.4K,1.7M,169.1K,2.2K,10.1K,6
dobretwins,36.2M,4.8M,453.1K,2.8K,1.1K,9
doctormiguelpadilla,5.9M,2.1M,321.7K,1.7K,2.6K,9
domelipa,58.1M,10.4M,1.5M,9.1K,3.5K,9
domelipa,54.2M,8.6M,1.5M,14.3K,4.1K,6
dontstopmeowing,11M,1.8M,224.4K,1.1K,1.7K,6
dorychang_03,3.8M,3.9M,341.5K,1.5K,943,6
douhalaribiii,7.7M,4.1M,240.4K,1.6K,823,9
dovecameron,11.6M,2.8M,538.8K,1.5K,492,6
dreamlifex0,569.2K,1.2M,134.1K,5.3K,2.7K,9
drewafualo,7.7M,2M,322.1K,6.5K,977,9
drewafualo,7.4M,2.7M,568.2K,3.7K,1.4K,6
drisantosbr,3M,1.5M,197K,1.7K,2.4K,6
droop314,465.9K,997.2K,70.2K,1.3K,13.1K,6
druskitv,3.7M,1.3M,241K,1.3K,4.9K,9
druskitv,3.5M,2.8M,519.5K,3K,9.4K,6
dualipaofficial,8.4M,3.1M,178.7K,1.6K,2K,6
dudamaryah,5.9M,2M,284.6K,701,1.3K,9
dudamaryah,5.2M,2.2M,367.7K,1.4K,1.3K,6
dudamaryah,5.2M,2.2M,367.7K,1.4K,1.3K,6
dudeperfect,16.7M,2.3M,327.4K,469,416,9
duncanyounot,4.3M,1.4M,366.5K,1.3K,1.7K,9
duncanyounot,4.3M,720.5K,246.4K,2.9K,1.9K,6
dunkmvp,3.5M,3.5M,405.7K,1.4K,1.8K,9
dunkmvp,3.3M,4.6M,698.7K,1.3K,2.2K,6
duythamchannel,4M,5M,492.5K,2.2K,708,9
dxbxd,2.4M,1.8M,219.1K,2.2K,1.5K,6
dxddy._.desi,2.9M,1.9M,250.8K,4.9K,764,9
dylanhoogerwerf,2.2M,2.3M,271.4K,779,318,9
dylanmulvaney,7.3M,3.8M,730.8K,6.6K,1.2K,9
dylanmulvaney,5.4M,3.1M,700K,7.3K,1.8K,6
dylanpage.ning,3.1M,1.6M,239.4K,5.4K,3K,9
dylanpage.ning,2.8M,2.2M,344.3K,5.2K,2.6K,6
earlthejackass,84.5K,2.9M,359.2K,3.8K,14.1K,6
editnessbarrett,157.3K,1.5M,275.7K,1.8K,845,6
edlyninbatangas,925K,2.3M,175K,558,1.7K,9
edpeople,1.4M,1.8M,278.1K,1.8K,1.5K,6
edsheeran,11.4M,1.8M,166.9K,2K,672,6
eduardbaka,1.5M,1.4M,233.6K,1.9K,978,6
edwinmendozza,14.7M,3.2M,514.3K,1.1K,249,6
eggrollfish,56.5K,2.2M,438.3K,3.2K,7.9K,6
egyptianbeaman,872.4K,2.2M,80.5K,1.7K,14.2K,9
ehbeefamily,11.4M,3.4M,344.5K,1.3K,761,6
ehgml._.16,400.7K,1.4M,273.5K,1.2K,1.3K,9
ehlija,3.9M,3.1M,402.7K,1.8K,1.7K,6
el.pollofritoxd,89.2K,1.2M,220.8K,4.1K,8.9K,6
el_chicanero,2.7M,2.5M,227.1K,1.5K,7K,6
el_creador_del_sex3,31.2K,1.3M,134K,1.7K,3.1K,6
elalfaeljeferd,1.3M,1.9M,198.6K,639,1.4K,9
elchaparrito951,6.1M,1.3M,49.5K,525,9.3K,9
elchimbatv,3.3M,3M,285.2K,773,2.4K,9
elchimbatv,1.7M,3.4M,277.9K,1.2K,3.7K,6
elecherlee,135.9K,1.5M,138.3K,2.7K,632,9
elinameng,2.1M,4.2M,558.4K,886,598,6
elissadeheart,2.3M,2M,292.4K,974,1.3K,9
eljuandiduque,6.2M,1.8M,171.3K,1.5K,13.4K,9
ella.tchella,2M,1.6M,381.6K,1.5K,3.4K,9
elliotforbes,8.3M,3.5M,292.2K,628,311,6
elmercanchi,1.8M,1.9M,138.2K,691,3.9K,9
elmercanchi,1.5M,4.2M,362.9K,2.4K,7.2K,6
elo_os,2.4M,1.6M,276.9K,716,637,9
elongggg,2M,2.1M,339.8K,2K,589,6
elpelaromerook,1.5M,1.4M,161.5K,696,17.2K,9
elpugaa,9.9M,2M,220.9K,341,3.7K,9
elrodcontreras,41.6M,2M,254.5K,3.5K,413,9
elrodcontreras,41.1M,3.6M,496.7K,3.8K,622,6
eltonjohn,2.1M,2.8M,66.8K,2K,6.2K,9
elysemyers,5.1M,1.5M,172.7K,2.7K,1.7K,6
em.ire,259.5K,1.2M,211.6K,2.2K,2.8K,6
emiliamernes,3.9M,10.8M,1.6M,3.9K,2.7K,6
emillyvickof,12.1M,5.4M,444.8K,1.4K,799,9
emillyvickof,10.3M,4.4M,354K,707,638,6
emilmario69,7M,5.5M,199.9K,3.7K,1.3K,6
emilwarren1,851.5K,1.2M,211.3K,2.6K,617,9
emilyfauver,3.6M,2.6M,380.2K,730,1.3K,6
emilymariko,10.9M,3.3M,309.1K,945,560,6
emmybear1005,1.6M,4M,431.3K,2.8K,2K,6
emrata,1.6M,2M,186.8K,965,752,9
emraynea,1.1M,5.1M,1.4M,6.6K,13.5K,9
engfa32,2.7M,1.7M,233.3K,1.6K,829,6
enhypen,12.7M,4.3M,1.1M,24.8K,14.3K,9
enhypen,11.8M,8M,2.4M,63K,40.6K,6
enzomk_,879.7K,2.7M,229.6K,1.1K,9.6K,6
erabii,1.4M,2.1M,132.8K,1.4K,1.7K,9
erictro,4.5M,5.6M,547.4K,507,330,9
erictro,3.9M,5.5M,534K,618,1.1K,6
erijasjas,597.9K,1.8M,385.5K,685,1.5K,9
erikatitus,3.3M,1.6M,329.7K,1.1K,525,9
erinboyle_np,5.9K,1.8M,123.6K,2.5K,20.1K,6
esen_alva,4.4M,1.6M,328.2K,1.1K,5.8K,9
esneni,4.4M,1.4M,283.1K,2.5K,477,9
esnyrdump,896.1K,2.4M,409.7K,3.3K,1.8K,6
esnyrrr,5.4M,1.6M,289.6K,778,1.4K,9
estanahi,1.3M,2.9M,419.5K,833,571,6
estetsh0,1.1M,1.2M,165.8K,1.1K,4.1K,6
ethankleinh3,1.9M,970.5K,136.6K,3K,1.9K,9
eupereiraoficial,7.8M,3.6M,395.7K,1.3K,2.1K,9
eupereiraoficial,7.2M,9.9M,776.6K,4.2K,7.7K,6
euro2024,7.2M,2.1M,390.5K,2.7K,2K,6
euwillou,8.6M,2.3M,360.9K,1.7K,2.7K,6
everett,10M,1.9M,441.4K,768,1.2K,9
everydaycode,223.3K,2.7M,235.4K,1.1K,2.3K,6
expeditionevans,271.3K,3M,355.7K,542,2K,6
eyavanana,12.3M,2.9M,492.5K,1.7K,1.2K,6
fabiola.baglieri,12.3M,2.9M,375.9K,1.2K,537,6
fabirommel,409.7K,1M,105.8K,573,4.9K,9
fabru_blacutt,18.1M,2.2M,242.9K,2.4K,562,9
fabru_blacutt,18.1M,2.2M,242.9K,2.4K,562,6
fadiljaidi,8.7M,3.5M,390.7K,2.9K,1.8K,9
fadiljaidi,8.3M,10.7M,1.7M,11.4K,8.2K,6
faeleamendoim,3.6M,5.5M,321.6K,1.3K,7.9K,9
fahmi.n1997,1.9M,4M,389.5K,1.7K,835,6
fahmi.nm,8.3M,2.7M,260.9K,1.4K,738,6
faithkristin,592.1K,1.8M,271.7K,4.8K,5.1K,6
farhakhalidi,1.7M,2.2M,202.6K,1.4K,880,9
farhakhalidi,1.4M,2M,364.7K,2.6K,2.2K,6
farhanrn__,4.7M,4.2M,688K,3.2K,1.7K,6
faryanggaa,5.2M,1.8M,344.4K,1.5K,491,6
fedevigevani,14.6M,4M,457.2K,2.7K,1.1K,9
fedevigevani,13.6M,3.3M,437.7K,2.3K,561,6
fedez,5.8M,1.3M,229K,1.4K,2K,9
fedez,5.5M,2.8M,422.4K,1.2K,2.3K,6
felipenpv,3.5M,1.7M,259.6K,1.8K,1.3K,9
felipenpv,2.2M,2.8M,515.5K,5.5K,4.5K,6
femin,2.1M,2.9M,254.5K,4.5K,573,6
fendibaee,54.9K,788.7K,206K,3.6K,3.1K,6
ferchugimenez,7.7M,4.5M,825.6K,1.5K,1.1K,9
ferchugimenez,6.1M,4.1M,729.3K,1.8K,1.2K,6
ferxxo444,3.5M,3.1M,381.7K,1.5K,2.6K,9
ferxxo444,2.6M,1.2M,234.8K,1.4K,4.5K,6
ffrangomez,1.5M,1.4M,253.4K,349,2.3K,9
fhd.artz,2.2M,4.5M,288.8K,5.4K,1.4K,9
fionntime,2.6M,910.2K,210.3K,1.4K,2K,9
firmanskd,2.8M,1.4M,144.5K,397,5.1K,9
firmanskd,2.7M,2.3M,212.6K,654,9.9K,6
firmanskd,2.7M,2.3M,212.6K,654,9.9K,6
flavinhalouise,12.2M,3.2M,167.7K,709,2.8K,9
flavinhalouise,11.5M,1.4M,128K,740,3.6K,6
fleekedbymitch,821.2K,5.6M,590.9K,3.2K,3.8K,6
flickerspark_,1.2M,2.1M,516.8K,1.4K,1.5K,9
flickerspark_,1.2M,2.1M,516.8K,1.4K,1.5K,6
folz.aa,1.2M,1.1M,192.3K,1.8K,6K,9
fontenel.le,243.8K,1.2M,259.5K,2.2K,540,6
foodtimecali,4.5M,1.5M,120.1K,250,6K,9
foodtimecali,4.1M,3.8M,284K,655,20.8K,6
football.clips_09,224.5K,3.3M,323K,1.7K,1.1K,6
fortcraft354,189.2K,1.4M,156.8K,2.6K,70,9
fox.brown,391.7K,1.8M,308.2K,1.6K,3.4K,6
franckfs,5.7M,4.9M,330.9K,1K,4.1K,9
frankielapenna,4.8M,2.7M,295.2K,1.4K,2K,9
frankielapenna,3.4M,7.1M,316.7K,1.2K,4.1K,6
frantastiktok,1.5M,2.1M,458.4K,587,807,9
freeritzyralph,1.6M,1.1M,281.5K,2K,2.4K,6
frigerrr,828.6K,1.3M,327.9K,1.1K,1.5K,9
frnzlynfby,3.7M,1.9M,361K,2.6K,2K,9
frnzlynfby,2.4M,1.4M,324.7K,1.5K,1.7K,6
fujiiian,16.3M,2.2M,221.6K,1.1K,681,9
fujiiian,15.4M,4.3M,449.4K,2.1K,1.9K,6
fukada0318,4.9M,2.6M,164K,1.3K,751,9
funny_v.i.p,9.5M,1.6M,196.5K,476,2.1K,9
furryfritz,3.9M,1.7M,271.6K,1.1K,2.5K,6
fwm.kalebb,1.6M,2M,306.4K,4.5K,2.3K,9
fyp,8.6M,1.3M,245.4K,1.9K,535,9
fyp,8.3M,1.8M,372.2K,762,544,6
g.catt.eng,2M,1.9M,219.9K,1.1K,1.3K,6
gabrielabee,10M,1.2M,239.1K,2.2K,432,9
gameboytok,33.9K,2.8M,424.5K,1.3K,3.1K,6
garett__nolan,13.4M,4.2M,337.1K,2.4K,10K,9
gavincasalegno,3.2M,2.2M,394.7K,5.3K,1.9K,9
gemelasabello2,17.9M,5M,376.2K,478,813,9
gemelasabello2,15.7M,5.7M,554.8K,1K,1.8K,6
georainbolt,1.2M,1.5M,247.1K,2K,2.3K,9
gergomezzz,1.7M,1.1M,210.3K,1.3K,3.3K,9
german_crusader,158.6K,1.1M,208.9K,1.7K,4.6K,6
germangarmendia,17.5M,8.8M,1.6M,17.2K,9K,6
ghait6h,1.1M,1.6M,176.5K,4.3K,674,6
giangiu88,3.7M,2.5M,304.5K,1.2K,2.7K,6
gianlucavacchi,21.5M,7.7M,477.1K,2K,2.8K,9
giannis_an34,3.4M,1.7M,210.3K,1.8K,764,6
gil_foot2,1.5M,1.2M,210.6K,513,3.3K,6
giovannibonaccinii_,858.3K,2.2M,317.6K,3K,4.1K,9
girlsgeneration.official,783.5K,2.7M,355.2K,2.9K,2.4K,9
glbtfilms,76.3K,684.7K,195.6K,2.4K,3.4K,6
glencachysaraofficial,8.1M,4.5M,212.3K,1.3K,522,9
goharsguide,2.1M,2M,306K,724,779,9
goldens.fourever7,965K,1.2M,171.5K,1.3K,7K,6
good.boy.ollie,4.2M,997.6K,250.3K,1.4K,3.2K,9
gordeewa__13,12.7M,5.4M,293.7K,3.2K,722,9
gordonramsayofficial,33.8M,6.4M,488.1K,2.2K,2.1K,9
gordonramsayofficial,32.8M,11.2M,648.3K,5K,1.9K,6
gorillaz,2.3M,1.8M,340.9K,2.8K,1.7K,9
grbgt9,132.6K,2.2M,177.6K,1.1K,2K,6
greatekyroga,1.1M,1.1M,320.3K,1.9K,1K,9
greenshrimps,83.3K,1.5M,334.9K,2.8K,1.3K,6
gregisms,2.4M,1.4M,235.8K,4.3K,12.3K,9
gregisms,2.4M,1.1M,180.6K,6.6K,6.4K,6
grillervm,3.1M,2.5M,371.2K,1.3K,2.6K,9
gtcreationslime,4.1M,3.1M,183.9K,728,946,6
guide_smis,275.7K,13.1M,299.2K,435,1.2K,9
guilhermebatilani,398.7K,2.1M,323.3K,983,2.7K,6
guiraya,733.2K,2.2M,197.3K,1.3K,1.3K,6
gustavomeloof,5M,1.4M,113.4K,1.2K,8.8K,6
gusyterequijas,1.8M,1.6M,236.9K,777,2.7K,6
gutierrezcastro,14.2M,1.1M,147.9K,894,3K,9
gutierrezcastro,13M,1.4M,229.9K,2K,2K,6
guywithamoviecamera,981.5K,1.4M,329K,1.1K,1.4K,9
gzfoodqood,18.5M,4.3M,213.3K,412,1K,9
gzfoodqood,17.1M,2.5M,237.5K,745,808,6
h2balla,3.2M,2M,234.2K,1.4K,274,9
hafizmahamad,1.1M,3M,325.1K,14.4K,7.5K,9
haidang_doo,2.6M,4.5M,317.3K,607,398,6
haijoel,736.3K,4M,192.2K,1.1K,231,9
haileybieber,9.8M,3.5M,342.6K,1.2K,845,9
haileybieber,9M,2.4M,257K,2.5K,805,6
hairupkneesdownh0e,222.4K,1.2M,170K,3.9K,946,9
hakobone,299.2K,2.9M,195.8K,1.6K,6.5K,6
halinhofficial,2.7M,4.1M,346.5K,2.4K,1.4K,9
halinhofficial,1.3M,3.2M,223.3K,3.2K,1.2K,6
haniaheheofficiall,1.3M,2M,190.9K,1.8K,432,9
hannahbahng,2.4M,1.7M,479.4K,5.8K,1.3K,9
hannahkelekacook,3.3M,1.7M,231.8K,2.7K,444,9
hannahstocking,26.5M,7.8M,840.8K,1.6K,2.5K,9
happytummy_702,731.3K,2.2M,396.7K,288,2.5K,9
haqiemstopa,846.7K,2.1M,156.4K,2.5K,697,6
haritsuuu,1.9M,1.8M,92.7K,2.3K,2.5K,9
haritsuuu,1.8M,6.7M,307.3K,7K,8.8K,6
harry.shin,904.5K,4.3M,509.6K,2.4K,833,6
hasanmucci,2.1M,2.5M,196.6K,1.6K,619,6
hat590,3.6M,1.5M,191.3K,2.4K,306,6
hayleygeorgiamorris,3.2M,2.4M,366.7K,1.4K,9.6K,6
herranwalt,5.7M,1.4M,177.7K,2.6K,1.8K,9
herranwalt,5.5M,1.8M,282K,2.3K,1.6K,6
hesfinatia,8.9M,4.6M,434K,772,377,9
hf37777,455.3K,1.1M,17.6K,5.8K,31.9K,9
hieubuiba,2.3M,2.8M,260.6K,796,185,9
hikakin,1.6M,4.8M,454.5K,4.1K,6.3K,6
hisoyvaleria,8.5M,1.4M,189K,1K,3K,9
hjevelyn,2.8M,1.1M,245.9K,2.4K,661,9
hoaa.hanassii,12.8M,6M,618.5K,3.8K,849,6
hoaminzy_hoadambut,4.2M,2.8M,280.2K,789,268,6
hoaminzy_hoadambut,4.2M,2.8M,280.2K,789,268,6
hola.margo,4.1M,6.7M,868.1K,2.4K,1.2K,9
homemdehonra,79.3K,944.3K,37.7K,710,25K,9
homm9k,44.4M,3.8M,489.8K,3.6K,1.1K,9
homm9k,42.1M,2.2M,301.9K,2.3K,569,6
hourialesyeuxverts_off,143.2K,1M,102.1K,1.5K,6K,6
how.kev.eats,2.2M,2.6M,305.9K,1.4K,401,6
howridiculous,13.6M,13.9M,516.3K,889,758,6
hstikkytokky,808.7K,1.6M,161.4K,2.5K,1.7K,6
huddy,32.2M,2M,147.9K,1.8K,529,9
hunterprosper,5.1M,1.7M,320.8K,1K,2.1K,9
hunterprosper,4.7M,2.2M,384.6K,1.2K,1.9K,6
huntersolo,2.4M,2.6M,399.4K,709,383,9
i.f.t.fishing,9.7K,3.8M,154.5K,2.1K,12K,6
iamauroramusic,4M,1.6M,216.2K,1.6K,659,9
iamdikeh,2.8M,1.8M,174.5K,2.4K,1.3K,6
iamdtg,1.2M,2.2M,251.9K,2.2K,12.9K,9
iamferv,31.5M,6.6M,962.3K,10K,3.9K,9
iamferv,29.3M,10M,1.4M,10.2K,6.4K,6
iamgeraldhuston,1.7M,1.5M,261.4K,1.3K,1.6K,9
iamkailan,3.9M,2.4M,219.9K,1.3K,2.2K,9
iamkelianne,9.9M,4.2M,452.5K,360,263,6
iamnotshaneofficial,225.5K,2.2M,187.4K,554,2.8K,6
iampauloandre,1.4M,4.3M,854.1K,5.5K,6.4K,6
iamprisleeciyi,13.9K,2.3M,522.9K,1.2K,4.2K,9
iamsungstarwin,2.2M,4.7M,651.9K,653,532,9
iamzario,2M,1.2M,244.6K,1.8K,1.5K,6
ianlucasok,4.5M,2.4M,262.9K,3.3K,830,9
iben_ma,7M,5.2M,379.1K,20.9K,1.1K,6
ig_alongwiranda,880.7K,3.2M,129.4K,1.2K,20K,9
ig_alongwiranda,880.7K,3.2M,129.4K,1.2K,20K,6
ikercasillas,2.7M,1.6M,191.8K,2.1K,783,9
ikercasillas,2.4M,1.3M,212.1K,2.4K,3K,6
ikerlafuente,153.5K,1M,162.5K,2.9K,1.1K,9
ikhmal_azzarin,407.4K,4.4M,303.7K,4K,3.8K,6
iloveyourmomscatt,8.2K,1.3M,159.3K,4.9K,3.3K,9
iloveyourmomscatt,8.2K,1.3M,159.3K,4.9K,3.3K,6
ilusha_help,4.6M,2.3M,75.9K,1.2K,7.9K,6
ilyasikuba,2.7M,1.9M,188.8K,558,2.4K,6
imanthonyvargas,6.6M,1.8M,292.1K,1.2K,247,9
imchef7,1.3M,1.3M,189.3K,530,2.5K,9
imdimpey,8M,1.4M,330K,3.1K,4.7K,6
imeyhou,3M,9M,799.5K,8K,1.6K,9
imma.tokyo,486.9K,9.9M,1.2M,5.7K,3.1K,6
in_the_nic_of_time,6.3M,2.4M,263.5K,752,362,9
inachitomer,1.3M,2.9M,516.2K,1.1K,1K,6
incorrectlyroce,8.4M,3.9M,678.6K,2.2K,1.7K,9
incorrectlyroce,6.5M,3.9M,650.4K,2K,2.3K,6
infinite,7.3M,4.8M,722.3K,6.9K,382,6
infinite,7.3M,4.8M,722.3K,6.9K,382,6
ingratax,14.8M,3.1M,617.8K,784,420,6
iniganta,986.8K,1.3M,160.7K,3.3K,1.9K,9
initiaraandini,5.1M,3.8M,419.6K,2.6K,3K,9
initiaraandini,4.7M,3.5M,338.6K,1.3K,1.2K,6
interesting.thingsz,4.1M,2.4M,186K,991,357,9
internet.elise,522.9K,926.9K,206.5K,597,4K,9
iqmorteza,873.5K,3.7M,429.8K,6.5K,2K,6
irenehsuu,98.6K,1.4M,401.7K,1.3K,3.9K,9
isaac.h.p.karaoke.backup,1.6M,1.3M,265.6K,3.2K,3.8K,9
isaach.p,3.1M,1.4M,217.2K,3.5K,2.3K,9
isaach.p,1.8M,1.2M,189.4K,3.2K,2.1K,6
isaiahgarza,7.5M,1.6M,297.3K,1.5K,954,6
isaliagomez_,703.8K,1.6M,297.3K,863,3.7K,6
islasvlogs_,2.4M,2.9M,313.7K,842,416,9
its.michhh,31.7M,1.9M,260.4K,1.2K,218,9
its.michhh,30.2M,2.4M,369.7K,1.9K,193,6
itsjojosiwa,43.5M,4.2M,422K,1.4K,399,9
itsjojosiwa,41.8M,3.5M,429.2K,2.2K,619,6
itskingchris,17.2M,1.6M,299.7K,2.8K,1.3K,9
itskingchris,16.2M,1.8M,355K,3K,1.8K,6
itslennnie,2.3M,764.7K,120.6K,1.5K,20.4K,6
itsmacdoogle,1.8M,3.9M,685.9K,10.1K,13K,9
itsmatheuscosta,5M,1.4M,205.8K,2K,2.8K,9
itsmenicksmithy,7.9M,2.2M,305.5K,1.7K,1.4K,9
itsmenicksmithy,7.4M,2.2M,415.4K,3.4K,2.4K,6
itsmenicksmithy2,12.6M,1.7M,208.6K,982,806,9
itsniane,1.7M,1.1M,128.9K,2K,5.9K,9
itsoraida,4.2M,1.1M,254.5K,1.7K,2.1K,6
itsqcp,10.8M,3.9M,529.1K,1.4K,948,9
itsqcp,10.1M,1.6M,297.7K,1.5K,916,6
itssassagurl,6.6M,3.5M,565.3K,3.1K,4.1K,9
itssassagurl,6M,3.9M,716.4K,3.3K,6.5K,6
itstalasafwan,4.7M,2.9M,177.6K,4.6K,1.4K,6
itsthescotts,6.2M,1.5M,231.7K,517,2.2K,6
itzyofficial,9.7M,1.7M,314.6K,3K,1.6K,9
itzyofficial,8.4M,1.2M,332.4K,3.8K,2.3K,6
ivanlomelitv,44K,2.4M,188.1K,1.2K,39.6K,9
ivanmartinez,12.4M,3M,392.1K,1.3K,489,6
ivanovik.83,172.7K,2.3M,91.5K,1.1K,11.1K,9
ivanovik.83,172.7K,2.3M,91.5K,1.1K,11.1K,6
ive.official,3M,2.4M,355.6K,4.1K,2.7K,9
ive.official,2.2M,7.7M,1.5M,12K,14K,6
j0a0zinh0,6.4M,1.1M,203.9K,1.1K,1.9K,9
j3ipy_,8.2M,1.7M,354.4K,2.3K,1.1K,9
jack_papho69,6.7M,3.3M,313.1K,2.3K,964,6
jackgrealish,3M,2M,256K,4.5K,1.7K,6
jackjos3ph,3.2M,2.1M,323.1K,2.5K,3.8K,9
jacksepticeye,4.9M,2.3M,559.8K,3.8K,2.7K,9
jacobday,5.6M,1.8M,296.6K,4.4K,1K,9
jacobday,3.7M,1.2M,193.1K,3.4K,1.2K,6
jadepicon,8.8M,2M,311.1K,967,567,9
jadepicon,8.1M,2.8M,342.7K,1.8K,843,6
jaimeonod,1.8M,2M,296.1K,3.8K,1.8K,9
jaimeonod,1.5M,2M,319.5K,3.2K,1.3K,6
jakeandrich,14.6M,2.1M,164.2K,1.6K,1.9K,9
jakeandrich,12M,2.6M,241.8K,2.5K,3.3K,6
jakeandrich,12.5M,1.8M,184.3K,2K,2.7K,6
jakehunterofficial,3.6M,2M,127.8K,2.4K,353,9
jakekrantz,2.2M,1.3M,261.9K,701,3K,9
jakemaldonado,6.5M,1.7M,324.1K,659,2.7K,6
jakepaul,16.7M,1.5M,156.4K,2.3K,1.6K,9
jakepaul,16.5M,3.1M,354.9K,2.8K,1K,6
jamescharles,36.9M,4.2M,356.4K,2.9K,1.1K,9
jamescharles,36.2M,3.1M,344.6K,1.6K,631,6
jamesdroz566,103.4K,1.9M,155.4K,2.2K,7.4K,9
janeydm,14.3M,2.6M,305.1K,1.3K,381,6
jasonderulo,53M,6.8M,186.9K,887,194,9
jass_mcg,52.2K,503.8K,116K,8.1K,1.8K,9
jaxwritessongs,11.7M,4.1M,683.5K,5.4K,3.2K,9
jaxwritessongs,9.5M,2.4M,346.5K,3.1K,2.2K,6
jaydafnwayda,3.7M,1.6M,230.7K,1K,2.2K,9
jaykindafunny8,24.3M,4.8M,612.4K,1.3K,2K,9
jaykindafunny8,23.9M,5.8M,426K,3.3K,4.6K,6
jaynie.dizire,19.1K,1.2M,193.5K,3.2K,2K,6
jayrscottyy,2.7M,2.5M,333.2K,3.4K,1.9K,6
jaywheeler,5.4M,1.6M,249.8K,856,2.7K,9
jdiasss_,7.8M,1.3M,265.4K,1.8K,1.2K,9
jdiasss_,7.4M,2.8M,610.5K,5.6K,4.9K,6
jdpantoja,30.5M,4.6M,751.9K,3.5K,799,9
jdpantoja,28.8M,4.1M,658.3K,8K,1K,6
jefripradewa,226.2K,1.6M,178.8K,3K,10.7K,6
jellybeannotvince,542.7K,2.7M,352.2K,2.8K,6.9K,6
jennialarcon_,3.1M,2M,348.4K,2.5K,1.9K,9
jennifergarner,2.5M,2M,326.4K,1.6K,1K,6
jennmelon,2.2M,5.5M,1.4M,3.8K,4.9K,9
jeonifty,250K,800.4K,235.7K,1.2K,3.2K,9
jerellware,95.8K,2.2M,433.9K,1.5K,2.3K,9
jerofreixas,1.4M,1.9M,184.9K,1.4K,8.7K,9
jeromepolin98,4.7M,1.5M,231.1K,2.4K,924,9
jessechrisss,3.5M,8.9M,471K,775,223,9
jessnolimit999,6.2M,17M,1.7M,24.2K,11.5K,6
jesusnalgas,2.6M,5M,970.1K,6K,6K,9
jesusortizpaz,1.7M,1.8M,207.5K,1.2K,832,6
jetbentlee,3.9M,12.4M,2.2M,3.6K,6.6K,9
jezzzini,2.5M,856.4K,239K,1.1K,3.2K,9
jezzzini,1.7M,1.4M,419K,1.6K,6.2K,6
jfkexplainsjokes,34.1K,888.8K,181.6K,3.4K,1.1K,9
jhothsa,13.3M,1.1M,189.8K,960,2.6K,6
jidion,4.2M,1.9M,412.5K,2K,1.3K,9
jihansalsabila44,1.6M,2.7M,366.4K,3.6K,4.5K,9
jimena.jimenezr,24.2M,3.3M,521.1K,959,1.6K,9
jimena.jimenezr,23.5M,3.7M,577.5K,962,2K,6
jimmydarts,8.9M,2.6M,506K,2.1K,643,9
jimmydarts,8.6M,2.2M,360.3K,3.5K,492,6
jindaouis,2M,3.4M,492.2K,1.6K,1.9K,9
jjeverettrose,3.2M,2.2M,345.8K,775,575,6
jmartineze_,22.2M,2.4M,377.7K,1.8K,2.5K,6
joaoferdnan,8.1M,1.7M,173.5K,2.1K,4K,9
joaoferdnan,7.7M,919.7K,143.3K,2.5K,4K,6
joe.bartolozzi,19.8M,1.8M,293.3K,1.8K,379,9
joe.bartolozzi,18.8M,1.9M,338.8K,2.3K,552,6
joelbergs,11.4M,1.9M,317.5K,511,528,9
joelsvnny,1.4M,1.1M,208.3K,2.3K,1.3K,9
joelsvnny,1.1M,897.8K,203.8K,2.7K,1.7K,6
joerauth_,5.4M,1.9M,319.4K,1.2K,1.9K,6
joesantagato,1.5M,1.5M,175.5K,2.4K,2.5K,6
joeyvalence,717.8K,2.8M,559.6K,1.1K,705,6
johnmicheal1996,4.3M,930.6K,109.5K,784,6.3K,9
johnnyy.ed,1.7M,1.2M,173.1K,1.2K,3.3K,6
jomaryee,9M,2.3M,226.7K,1.3K,626,9
jonata_26,5.9M,1.9M,319.6K,646,2.5K,9
jonata_26,5.1M,2.5M,415.5K,1.1K,1.5K,6
jonata_26,5.2M,2.3M,377.9K,999,1.3K,6
jordanavucetic,2.8M,1.1M,224.2K,5.2K,2.1K,9
jordanemel,10.2M,4.4M,436.1K,3K,12.2K,9
jorgitoparrillero,1.4M,1.5M,99.5K,333,6K,9
josefineholum,1.1M,1.5M,221.3K,1.4K,1.5K,9
joshanglooo,670.9K,1M,315.1K,1.6K,1.9K,6
joshrichards,25.6M,2.7M,354K,1.9K,737,9
joshrichards,25.6M,2.9M,275.5K,1.3K,682,6
joshtgodfrey,285.5K,6.4M,587.6K,12.8K,16.3K,9
joslum,13.4M,2.3M,364.9K,779,252,9
joslum,12.1M,2.5M,327.3K,1.9K,403,6
jounggustav,3.4M,9.6M,1.3M,4.7K,6.7K,6
jrizzyjeremy,69.1K,3.1M,225.2K,768,1.4K,9
juanchimy,3.1M,2.1M,485K,2.4K,2.1K,6
juaniquilador,10.5M,2M,364.9K,1.8K,1.1K,9
juanito_pochi,827.2K,2.1M,191.3K,671,781,9
jubiandxian,5.7M,2.5M,396.2K,1.8K,934,9
jubiandxian,4.7M,3.3M,557.8K,3K,2.6K,6
jujufitcats,4.3M,2.2M,280.8K,380,558,9
julesleblanc,18.8M,2.2M,322.5K,952,270,9
julesleblanc,18.7M,1.9M,455.7K,1.6K,554,6
juliaaliceaa,3.7K,2.2M,550.3K,3.1K,14.3K,6
juliagisella,11.5M,2.6M,381.3K,7.4K,6.9K,6
juliano,9.9M,6.8M,625.2K,3K,1K,9
junya1gou,42.7M,3.9M,174.4K,2.1K,2.3K,6
just.hamilton,2.9M,2.3M,371.1K,1.9K,7K,9
just.hamilton,2.6M,1M,185.5K,1.1K,3.4K,6
just.hamilton,2.6M,1M,185.5K,1.1K,3.4K,6
just_dt,8.9M,1.4M,221K,3.2K,2.8K,6
justinflom,6.1M,12.9M,789.2K,4.5K,6.2K,9
justthenobodys,7.9M,2.9M,293.8K,1.5K,1.2K,6
jvke,7.7M,3.7M,582.2K,2.1K,1.3K,9
jwaltonnn,733.4K,1.6M,350.9K,27K,2.5K,9
jwaltonnn,733.4K,1.6M,350.9K,27K,2.5K,6
jypestraykids,13.8M,6.4M,2.3M,50.2K,34.2K,9
jzgarcia,1.8M,969.2K,233.9K,1K,3.5K,9
k0uvr,13.6M,2.7M,422.5K,562,240,9
k0uvr,13.6M,2.3M,404.2K,854,321,6
k4554ndr4,978K,1M,280.4K,1.8K,2.7K,9
kaan.etm,3.3M,1.6M,411.5K,3.4K,4.7K,9
kaan.etm,3.1M,1.5M,322.5K,2.1K,862,6
kaelimaee,10.6M,5.5M,733.8K,1.5K,3.5K,9
kaelimaee,9M,1.9M,293.6K,682,864,6
kallmekris,46.3M,5.4M,936.6K,3.4K,1.5K,9
kallmekris,44.5M,4.1M,784.3K,5.3K,2.1K,6
kamuimi,306.2K,2.1M,411.3K,2.2K,522,6
kane,3.2M,1.8M,221.8K,1.3K,2K,9
karljacobs,11.2M,1.9M,486.5K,2.6K,563,9
karmalust.ff,204.6K,962.9K,40.6K,36.1K,745,6
kartiniinspiringwoman,359.9K,970.1K,80.8K,2.4K,11.6K,6
katclark86,1.9M,2.7M,381.9K,1.1K,211,6
katiavlogss,14.5M,3.4M,274.4K,2.6K,294,9
katie34556,67.6K,2.2M,149.1K,7.1K,122,9
katiessigmond,6.9M,2.9M,340K,1.1K,1.6K,9
katya.ross,293.3K,2.8M,665.3K,5.7K,18.1K,9
kaylamalecc,8.3M,1.7M,277.3K,1.4K,128,9
kaylamalecc,7.9M,3.3M,462.6K,3.9K,255,6
keemokazi,30.1M,2.8M,351.9K,1.1K,258,9
keirariff,4.2M,3.3M,545.2K,1.8K,2.5K,6
kelvinsabinoof,1.5M,1M,156.8K,2.7K,3.2K,9
kenchanachaisit,405.8K,2M,184.6K,1.4K,2.1K,9
keniaos,15.4M,2M,341.8K,4.1K,1.5K,9
keniaos,14.6M,1.6M,280.7K,4.8K,822,6
kenti.best.boi,1.2M,1M,167.9K,1.9K,3.4K,6
kerri_okie,3.1M,1.1M,137.3K,4.8K,4.3K,9
kervo.dolo,10.3M,5.7M,1.3M,7.9K,27.6K,9
kervo.dolo,9.7M,5.6M,1.2M,7K,14.9K,6
keysilva990,29.2K,2.3M,134.3K,1.5K,1.3K,6
kfc_es,2.8M,1.2M,171.7K,3K,1.5K,6
khaby.lame,149.2M,17.3M,2.3M,15.2K,8.7K,9
khaby.lame,143.2M,25.3M,2.9M,23.5K,16.3K,6
khairulaming,2M,1.7M,248.5K,1.2K,1.4K,9
khalidandsalama,4.6M,2.1M,204.8K,2.3K,2.3K,6
khalidzain124,1.7M,2.6M,223.9K,1.6K,2K,9
khoailangthang,731.7K,3.9M,258.8K,2K,1.3K,6
kieram.litchfield,2.2M,1.4M,190.8K,2.6K,2.8K,9
kiet.ac.quy,3.3M,5.2M,842.2K,12.3K,8.5K,9
kieuduylong16,2.4M,2.5M,243.9K,1.4K,220,9
kieuduylong16,1.9M,2.6M,311.5K,1.8K,335,6
kikakiim,31.7M,1.9M,220K,1.7K,646,9
kikakiim,30.9M,2.8M,307.5K,1.4K,698,6
kimberly.loaiza,67.2M,8.8M,1.2M,12.1K,4.3K,9
kimberly.loaiza,64.2M,6.3M,1M,11.5K,2.6K,6
kimmigneault,7.1M,3.1M,358.7K,539,971,9
kimsnwuo,100.9K,957.4K,226.8K,908,1.7K,9
kinemachuu,215.6K,2.6M,205.2K,1.1K,10.5K,6
king_misr,2M,1.5M,82.1K,1.1K,7.5K,6
kingblackcinema,90.9K,979K,206.9K,2.3K,5.4K,6
kinosgina,1.7M,1.6M,87.5K,2.8K,1.8K,9
kirbyquimado,187.9K,2.1M,274.9K,1.5K,7.6K,9
kirbyquimado,187.9K,2.1M,274.9K,1.5K,7.6K,6
kjsmoothh,2.5M,1.8M,254.4K,2.9K,1.8K,9
kjsmoothh,2.5M,5.3M,793.2K,10.2K,13.5K,6
kodakblack,1.3M,1.2M,196.7K,4.3K,4.2K,6
kodasteven,6M,1.5M,330.1K,1.3K,785,9
kodasteven,5.3M,2.4M,512.7K,3.4K,1.9K,6
kodyantle,28.8M,7.3M,467.9K,2.1K,5.3K,6
kookiiecore,1.2M,904.1K,305.8K,1.3K,2K,6
kooovryt,2.5M,2.9M,516.2K,4K,6K,9
kopke613,4M,1.6M,222.1K,3.3K,6.9K,9
korectiion,390.5K,3M,376.8K,4.3K,1.7K,9
kozuehayashii,7M,2.6M,466.2K,370,1.3K,9
kozuehayashii,6.7M,2.7M,517.1K,568,812,6
kpp2179393999,834.9K,6.5M,345.5K,1.3K,3.2K,6
kreebinnear,58.4K,1.8M,307.1K,819,1.2K,9
kristenhanby123,12.2M,8.3M,700.5K,1.3K,2.5K,6
kronnozomberoficial,728.2K,1.4M,289.1K,2.1K,2.3K,9
kru1d,4.2M,1.8M,108.5K,652,3.4K,6
ksi,9.8M,2.5M,178.6K,4.4K,178,9
ktkr_knw,137.8K,3.1M,159.8K,802,3.1K,6
kulinaria.recetas,3.8M,3.4M,408.9K,443,6.4K,9
kulinaria.recetas,3.3M,2.4M,287.1K,669,8.6K,6
kulubotnabetl0g,1.4M,987.4K,190.9K,3K,1.9K,6
kurtsworld,1.3M,4.9M,685.9K,30.1K,3.3K,9
kwechi_,377.9K,1.6M,283.3K,1.5K,2.8K,9
kwo.owk,2.6M,2M,268.2K,2K,2.2K,9
kyleechoi,19.8K,1.8M,483.5K,3K,2.3K,9
kyliejenner,47M,12.3M,1.9M,5.5K,2.6K,9
kyliejenner,41.2M,8.2M,1.2M,4K,1.3K,6
la.maraaa,7.3M,2.9M,376.9K,2.2K,904,9
la.maraaa,6.5M,1.2M,275.3K,3.4K,761,6
la_lerma,12.2M,1.4M,198.4K,1.2K,2.9K,6
lachama4_ff,9.6M,2.7M,363K,3.4K,318,9
lachama4_ff,9M,1.3M,214.3K,2.6K,434,6
ladydianka,9.1M,1.5M,189.9K,3.4K,1.6K,9
ladygaga,7.6M,1.9M,247.5K,4.4K,2K,9
ladygaga,6.7M,4.6M,886.4K,11.1K,4.4K,6
lagranjadelborrego,11.1M,3M,349.9K,919,581,9
lagranjadelborrego,8.3M,2.5M,335.6K,2K,688,6
lamminhduc2404,130.2K,2.3M,88.6K,2.3K,686,9
lana_mohd89,5.7M,4.1M,293.4K,3.7K,2.6K,9
lanavlnc,151.9K,1.2M,144.2K,1.8K,4.3K,6
lance210,22.3M,2.3M,218.4K,535,784,9
landonbarkerr,3.8M,11.7M,1.2M,19.1K,15.2K,9
larasilvan,16.8M,5.3M,797.7K,2.7K,2.8K,6
larissagloor,3.4M,3.1M,756.8K,3.9K,1.8K,9
larissagloor,3.1M,1.5M,328.6K,3.6K,1.8K,6
laronhinesofficial,9.5M,2.7M,260.9K,1K,730,6
larrayeeee,26.3M,2M,351.2K,2K,364,9
larrayeeee,25.9M,4.9M,527.6K,4K,1.2K,6
larraysucksihatehim,695.9K,3.7M,877.4K,9.6K,2.1K,6
larrywheels,1.8M,5.6M,669.1K,4.6K,10.1K,6
laschakv,971.7K,1.4M,238K,975,2.3K,6
laurahfritz,2.7M,1.3M,254.1K,1.1K,1.9K,9
laurahfritz,2.6M,1.3M,253.1K,881,1.6K,6
lauralove5514,7.6M,1.5M,230.2K,1.1K,705,9
lauralove5514,5.9M,1.9M,292K,1.6K,638,6
laurence_benson,2.1M,2.9M,293K,1.4K,240,9
lavdysheva,762.4K,4M,842.2K,1.9K,1.7K,6
le_general_416,2.3M,4.7M,214.7K,762,847,9
leaelui,17.3M,3.9M,596.4K,654,1.1K,9
leaelui,17.3M,2.8M,425.2K,743,1K,6
leanadeeb,10.4M,3.9M,573.5K,1.3K,2.1K,9
leanadeeb,6.9M,8.9M,1.6M,3.9K,6.4K,6
leanbeefpatty,5.8M,1.8M,277.7K,1.5K,1K,9
leanbeefpatty,4.5M,2M,351.7K,4.1K,2.7K,6
leavoon,1.3M,1.1M,420.6K,1.5K,4.1K,6
leen_mohd98,3.8M,2.9M,190.1K,2.7K,2.3K,9
leen_mohd98,3.3M,1.6M,151.9K,1.9K,1.7K,6
leesiyoung38,17.4M,3.5M,658.8K,3.8K,2.8K,9
legendasmania,767.9K,1.1M,135.1K,231,6.2K,9
lehvideira,7.8M,903.6K,145.1K,1.7K,10.8K,9
leidys_sotolongo,12.2M,2M,361.7K,1.5K,234,6
leith1423,1.1M,7.9M,1.3M,3.8K,3.2K,9
leleburnier,2.4M,1.6M,387.6K,2.9K,910,9
leleburnier,1.8M,1.6M,312.7K,2.9K,803,6
lelepons,27.9M,12.2M,1M,1.5K,1.7K,9
leonardzbant,3K,1.7M,131.2K,486,9.6K,6
letterkenny_problems,2.1M,2.9M,276.4K,762,10K,6
lexibrookerivera,23.2M,7.5M,992.5K,8.5K,1.8K,9
lexibrookerivera,23.4M,7.6M,870.6K,3.1K,1.8K,9
leyla.tavas,778.4K,5.2M,1.3M,6.8K,7.9K,6
leymarbrown,633.9K,2M,251.5K,2.6K,7.1K,9
lgndfrvr,17M,1.6M,200.5K,1.1K,1.8K,9
liammillerr,4.1M,907.1K,220.8K,1.8K,2.5K,6
libardoisaza,19.6M,5.1M,675.4K,1.2K,1.6K,6
lifeofclare,42.2K,3.1M,724.4K,1.2K,3.4K,9
lifeofsal,614.3K,2.4M,166.2K,1.2K,5.4K,9
lights.are.off,19.4M,2.8M,218.5K,2.5K,1.3K,6
lightskinmexican0,127.3K,746.1K,119.8K,824,6.7K,9
lil.tecca,1.8M,7M,1.4M,7.8K,18.4K,6
lilihayes,5.2M,2.5M,356.6K,1.5K,6.6K,6
lilireinhart,4.7M,6.6M,1.2M,3.6K,5.2K,6
lilmabuu,958.1K,2M,206.9K,1.2K,504,9
liltjay,5.2M,1.9M,291.9K,3.9K,1.4K,9
lilyxgarcia,12.3M,1.7M,248.5K,972,760,9
lilyxgarcia,10.9M,2.3M,382.1K,1.4K,1.2K,6
lionsgate,4.1M,971.2K,232.1K,1.7K,2.7K,6
litkillah,2.4M,3.2M,428.3K,1.3K,10.6K,9
littlebubbychild,356.2K,853.5K,65.5K,1.5K,13.4K,9
livefromthepark,369K,2.2M,130.2K,1K,30.6K,9
liverpoolfc,9.3M,2.2M,283.7K,3.1K,1.8K,6
livvy,5.9M,3.1M,397.9K,2.3K,1.4K,9
livvy,5.5M,2.6M,302.1K,2.1K,1.2K,6
livyyrenata,2.2M,2.5M,239.2K,1.1K,862,6
lizzo,24M,2.8M,438.7K,2.8K,1.2K,6
lizzza,29.9M,4.9M,802.8K,2.2K,3.6K,9
lizzza,29.8M,2M,425.1K,750,381,6
lkzinhu,17.2M,2.6M,306.5K,998,1.3K,9
lkzinhu,15.2M,3.6M,497.8K,1.8K,1.9K,6
loayramadan10,1.1M,2.8M,190.5K,760,1.3K,9
lockedinout,5.1M,1.6M,210.4K,883,2.1K,9
lockedinout,4.4M,5.4M,661.1K,1.7K,6.2K,6
locofer5,700.8K,1.4M,264.5K,1.9K,1.5K,6
loewhaley,2.7M,2.5M,211.2K,1K,6.1K,9
loganlisle,1.8M,1.7M,78.2K,315,7.8K,9
loganpaul,15.9M,4.8M,976.9K,1.4K,1K,9
loganpaul,15.9M,4.8M,976.9K,1.4K,1K,9
loganpaul,15.1M,3.7M,610.8K,1.9K,1.1K,6
logfive,2.5M,2.1M,313.5K,1.2K,2.3K,9
logfive,2M,1.5M,211.8K,1.2K,1.7K,6
loicsuberville,2.4M,2.4M,458.1K,1.6K,5.2K,9
lollobaroque,699.9K,2M,181.8K,6.4K,794,6
lonely.moods,354.5K,815.5K,214K,5.4K,10.6K,9
lonely.moods,354.5K,815.5K,214K,5.4K,10.6K,6
lonrot,1.3M,3.3M,386.8K,1.8K,5.2K,6
lordtrunks,2.2M,4.2M,386.9K,3K,3.6K,9
lorengray,54.6M,3.1M,358.7K,879,761,9
lorenzosabatoo,160.5K,1.6M,223.7K,2.6K,6.1K,6
lorigreiner,1.8M,5.9M,379K,2.9K,1.5K,6
los_chicaneros,3.7M,1.9M,218.2K,1.2K,6.1K,9
losariasbrothers,1.6M,1.6M,241.4K,476,1.6K,9
losariasbrothers,1.3M,2M,376K,1.2K,2.2K,6
lossiblings_,25.2M,2.2M,300.8K,891,380,6
louflores_,2.8M,2.2M,237.1K,842,4.7K,9
louflores_,2.8M,1.9M,150.4K,1.1K,4.8K,6
louisematejczyk,389.3K,2.9M,154.5K,642,1.3K,6
louka__m,2.5M,1.9M,354.3K,1.2K,1.4K,9
louuuyoung,709.7K,872.9K,137.9K,4.4K,12.6K,9
louvoresgospelbr,1.3M,1.9M,221.3K,1.1K,6.9K,9
loveofhuns,144.7K,3.5M,382.4K,8.3K,8.9K,9
lowcarbstateofmind,6.5M,1.9M,145.4K,656,6.4K,6
luadoll,11.2M,3M,326.3K,661,2.4K,6
luara,22.6M,2.7M,185.9K,1.9K,403,9
lucas_burgatti,2.7M,3.3M,428.2K,1.6K,1.4K,6
lucaslopezvilet,2.6M,4M,827.8K,5.9K,8.8K,6
lucasmonteirosg,486.9K,3.8M,469.4K,1.8K,1.7K,9
lucaspopan,938K,1.8M,207.7K,2.2K,5.3K,6
lucasvarelaaaa,2.9M,2M,282K,810,6.7K,9
lucasvarelaaaa,2.7M,1.7M,307.6K,690,3.6K,6
lucifer_zam,198.5K,777.2K,196.5K,451,34.5K,6
luisonfelix2,395.4K,2.3M,99.5K,1.1K,2.8K,9
lukeeohalloran,1M,3.4M,302.3K,3K,4.9K,6
luongthingocha,6M,2.4M,286.1K,1.4K,226,9
luongthingocha,5.5M,2.9M,350K,1.8K,346,6
luongthingocha,5.5M,2.9M,350K,1.8K,346,6
luvadepedreiro,19.4M,4.2M,571.7K,3.7K,1.7K,9
luvadepedreiro,17.1M,5.9M,706.2K,5.5K,3K,6
luvjunior14,560.3K,1.6M,432.8K,1.4K,610,9
lyfstyle.tv,356.3K,903.5K,267.6K,1.5K,2.7K,6
lyleforever,2.4M,1.8M,398.9K,696,2K,6
lyodrabeneran,1.6M,2.2M,172.5K,1.4K,1.1K,9
lyricoo__,1.2M,1.3M,165.7K,1.7K,8.6K,9
lyricoo__,1.2M,1.3M,165.7K,1.7K,8.6K,6
m0lnigt,83.3K,1.4M,306.4K,2.7K,934,6
m7_x4,2M,3.4M,305.6K,2K,1.5K,6
mac.twinkles,1.3M,2.8M,311.9K,497,458,6
machikayt,12.5M,1.9M,264.5K,1.3K,301,6
machinegunkelly,3.6M,3.9M,444.7K,3.8K,3K,6
macy.blackwell,1.2M,1.1M,104.4K,382,4.7K,9
madamsoniia,3.6M,6.4M,474.6K,635,509,9
maddy.leah3,246.2K,2M,196.3K,4.3K,237,9
maddy.leah3,240.9K,2.9M,281.9K,6.7K,294,6
maddzak,4.9M,3.3M,191K,3.5K,227,9
maddzak,4.5M,2.3M,128.5K,4.4K,109,6
madelineargy,2.3M,1.5M,337.7K,1.1K,581,9
madisonbeer,17.9M,1.2M,224.4K,2.7K,1.3K,9
madudepaoli,1.1M,7.5M,723.8K,2.9K,1.4K,6
magalligjimenez,952K,2.8M,136.9K,2.3K,717,9
mahmooud_shaar,1.5M,3M,100.2K,941,1.2K,9
mahmoud_xj,1.1M,942.9K,165.1K,2.1K,26.3K,6
mahmoudalhasanat09,6.2M,2.5M,314.3K,4.7K,7.7K,6
maiaknight,8.8M,4.7M,720.5K,1.6K,960,9
maiaknight,8.6M,4.8M,912.3K,2.3K,1.1K,6
main_and_aseel,1.3M,3M,178.1K,1.4K,1.1K,9
main_and_aseel,1.3M,3M,178.1K,1.4K,1.1K,6
maithana9er,2.1M,2.5M,96K,2.7K,1.7K,9
maitreyiramakrishnan,4.2M,2.5M,484.4K,2K,1.3K,6
mak.beh,861K,2.6M,233.2K,676,336,9
maluborgesm,2.9M,1.9M,280.4K,4.8K,1K,9
mamamomo2022,256.4K,1.8M,149.7K,1.6K,1.5K,6
mammybanter,1.3M,1.6M,220.8K,1.7K,6.5K,6
mandinhasiilvaa,214.5K,2.2M,230.4K,1.8K,1.9K,6
mandrake1984real,1.3M,1.4M,170.3K,891,4.9K,9
mandrake1984real,1.1M,1.4M,185.9K,1.4K,7K,6
manhtienkhoi_,4.6M,3M,276.4K,2.6K,1.3K,9
manhtienkhoi_,3.5M,1.6M,198.4K,2K,961,6
manja_faiez,1.1M,2.3M,142.7K,1.1K,2.3K,9
manta_ec,102.5K,6.1M,179.6K,1.3K,3.5K,6
manutd,17.1M,1.6M,188.7K,1.5K,519,9
margaritadebarros,75.6K,10.9M,620.5K,870,1.5K,6
mariabecerra_22,8.3M,2.7M,388.3K,2.2K,712,9
mariabecerra_22,6.8M,3.2M,528.2K,2.1K,1.2K,6
marialuciap29,1.9M,2M,434.6K,3.1K,1.6K,6
marianna_alexandre,5.8M,2.1M,338.7K,1.2K,314,6
marianne.la.mesera,3M,4.7M,962.9K,1.3K,684,6
marilynl19,995.2K,1.1M,162.3K,4.4K,2.5K,9
marilynl19,995.2K,2.8M,476.5K,5.7K,12.8K,6
mariolcalderon,1.8M,815.8K,141.1K,3.9K,12.5K,6
marktilbury,7.2M,2.3M,224.5K,620,2.4K,9
marsaimartin,3.4M,1.6M,355K,2.5K,1.2K,6
marshelwidianto,2M,3M,208.5K,1.1K,1.3K,6
marshmellomusic,25.7M,1.8M,245.8K,1.4K,577,6
marwanwsahar,1.4M,2.5M,163.5K,710,2.2K,6
mas_nizar,5.2M,1.8M,322.1K,2.6K,630,6
mastermind_ph,2.1M,2.6M,273K,2.1K,2.3K,9
mateus_hwang,1.9M,1.9M,136.8K,5.8K,2.6K,9
mateus_hwang,1.9M,1.9M,136.8K,5.8K,2.6K,6
matheuscllaus,5.4M,2.7M,340.1K,2.3K,3.7K,9
matheusevitoriaofc,7.6M,2.8M,468.9K,1.4K,1.3K,6
mativelasco94,1.7M,5.1M,392.2K,2.2K,622,6
matsudake,5.7M,6.8M,284.5K,3.3K,1K,6
matt.larose,498.8K,2.6M,371K,910,223,6
mattiastanga,2.7M,1.5M,213.4K,1.4K,7.4K,9
mattiastanga,2.5M,1.5M,240.7K,2.4K,7.7K,6
mattstonie,2.6M,2.3M,322.9K,1K,285,6
mattsturniolo,3.2M,3.2M,812K,10.9K,4.6K,9
mattsturniolo,2.1M,1.9M,386.2K,4.8K,938,6
mauoteroo,4.3M,3.3M,349.2K,353,345,6
max7424453118,2.8M,3.5M,572.6K,5.2K,9.5K,9
max7424453118,2.8M,3.5M,572.6K,5.2K,9.5K,6
maxtaylorlifts,8.9M,1.3M,231.2K,1.2K,1.2K,9
maxthemeatguy,4.9M,2.1M,273.1K,622,720,9
mayapolarbear,5.5M,1.5M,154.9K,756,8.4K,6
maymayentrata,9M,5.3M,697.9K,2.9K,2K,6
mc.pedrinhoofc,5M,8.2M,1.2M,5K,2K,9
mckekell,3.9M,1.5M,154.3K,4.1K,2.5K,6
mclivinho,4M,2.2M,312.2K,1.4K,1K,9
mcsilsiloficial,7.2M,1.6M,123.3K,2.5K,6K,9
mcsilsiloficial,6.6M,1.7M,134.1K,2.2K,6.3K,6
mdmotivator,10.7M,3M,424.9K,1.8K,1K,9
mdmotivator,9.3M,5.1M,930.3K,3.4K,1.4K,6
mdrr05,3M,3M,112.6K,1.4K,2.9K,9
mealsbymitch,1M,1.7M,95.4K,951,5.4K,9
meganfitton6,8.7K,2M,315.3K,1.6K,4.4K,9
meghanandjack,4.1M,1.7M,277.7K,548,2.4K,6
melanypalacioss,5.2M,1.6M,352.5K,909,137,9
melch.cooks,121.6K,1.6M,156.4K,2K,729,9
melfouad,1.3M,2.4M,209.4K,2.1K,6.6K,9
mell_editz0,480.5K,1.5M,229.9K,1.5K,1.1K,9
mell_editz0,480.5K,1.5M,229.9K,1.5K,1.1K,6
mellacarli,2M,1.8M,283.7K,1.4K,6K,6
melmaia,11.8M,3.5M,473.9K,988,662,9
melon.228,1.9M,2.4M,185.6K,1K,868,9
melon.n.finn,1.5M,1M,213.9K,1.9K,3.3K,9
mementoe,3.6M,3.4M,588.5K,4.4K,5.8K,9
mementoe,3.6M,3.4M,588.5K,4.4K,5.8K,6
meosimmyyt,4.6M,1.1M,137.1K,4.7K,626,9
meowbahh,1.5M,2.5M,92.4K,17.2K,2K,6
meowlife7,1.9M,3.3M,399K,1.3K,3.9K,6
meqs,2.7M,3.1M,136K,1.1K,1.5K,9
mesitaaa,329.9K,1.6M,326.8K,611,886,9
mexicocookingclub,10.9M,1.7M,221.9K,1.1K,7.1K,6
miakhalifa,35.7M,5.4M,610.3K,2.5K,2.2K,9
miakhalifa,33.6M,8.6M,938.7K,2.5K,1.3K,6
michaeloftiktok,1M,1.4M,186K,1.4K,2.5K,9
michaelrendyw,6.2M,4.6M,324.8K,806,746,6
michou_yt,7.4M,2.4M,266.7K,1.5K,341,9
michou_yt,7M,1.5M,272.7K,1.8K,574,6
midnightmood_oficial,15M,1.5M,145.6K,443,5.2K,6
mieayamthebstt,16.2M,3.5M,275.5K,2.5K,1.5K,9
mieayamthebstt,14.3M,5.5M,582.8K,4.5K,2.6K,6
miguelito_peru,1.7M,1.8M,113.9K,1K,2.8K,9
miichaelltran,6.5M,2.5M,442.7K,2.3K,1.8K,9
mikaylahau,4.9M,3.6M,313.5K,4.6K,1.1K,9
mikaylanogueira,13.5M,2.2M,320.3K,2.3K,411,9
mikaylanogueira,12.8M,1.9M,246.7K,1.8K,403,6
miketoks,12.9M,1.9M,261.2K,1.1K,654,6
miketyson,3.1M,2.5M,331.4K,5.8K,1.7K,6
milliyormlenlaew,5.5M,5.9M,807.2K,1.5K,1.8K,6
milos.guzel,5M,1.7M,340.3K,1.1K,612,6
mimiermakeup,15.9M,2.3M,339K,1.2K,254,6
minami.0819,1.6M,2M,187.1K,9.7K,2.4K,9
minami.0819,1.4M,995.2K,114.1K,7.8K,778,6
mishayoung,4M,10.8M,680K,5.7K,22.5K,9
missionaryjack,5.4M,4.4M,745.2K,9.1K,9K,6
mitsy270,2.3M,1.9M,338.3K,2.7K,2.1K,9
mix_151,3.4M,4.8M,481.9K,3.2K,1.4K,9
mix_151,1.3M,3.3M,268.1K,2.9K,4.3K,6
mmmjoemele,22.8M,5.7M,848.4K,1.2K,1K,9
mmmjoemele,22.1M,9.1M,1.5M,3.6K,3.4K,6
mndiaye_97,15.1M,2.2M,443.7K,2.5K,1.9K,9
mndiaye_97,14.8M,2.8M,495.3K,3.1K,2.2K,6
mo_vlogs,3.3M,4.9M,189.6K,577,300,9
moanabih,808.2K,2.1M,647.5K,1.9K,2K,6
mohaimen.alaa,4.1M,1.2M,171.2K,1.9K,1.2K,9
mohaimen.alaa,3.5M,1.5M,205.3K,1.9K,1.4K,6
mohamed.hesham.official,563.5K,1.5M,43.7K,380,21.1K,9
mohanadrafal,994.8K,12.4M,265.2K,3.4K,8.4K,6
momonatamada,4.4M,1.7M,359.3K,1.8K,279,9
moneybagyo85,55.1K,4.4M,216.1K,680,244,9
moneybagyo85,55.1K,4.4M,216.1K,680,244,6
monika.kociolek,2.8M,1.1M,170.4K,2.5K,614,9
montanablack,2.5M,3.4M,447.5K,3.5K,4.4K,9
montpantoja,35.7M,6.8M,1M,2.5K,1.9K,9
montpantoja,34M,5.7M,931.1K,3.7K,2.4K,6
morganveraa,5.7M,2M,238K,1K,1.1K,9
morimura,8.4M,1.5M,315.4K,1.5K,1.8K,9
morimura,7.2M,3M,564.6K,2.2K,2.1K,6
moritabritos,1.2M,2.7M,719.4K,4.1K,6.2K,6
mostafa.ashraf14,1.7M,2.8M,268K,1.2K,1.5K,9
mowgli.j,3M,1.6M,282.6K,4.3K,1.6K,6
mozamir,2.1M,1.4M,175.9K,1.8K,869,9
mr.benz,4.5M,2.2M,254.2K,2.1K,2.6K,6
mrbeast,42.2M,13M,1.7M,17.2K,2.1K,9
mrbeast,37.5M,4.3M,570.5K,5.8K,1.4K,6
mrcaqui,6.8M,978K,264.5K,833,4.1K,9
mrchiquitolina,269.2K,805.2K,163.6K,487,4K,9
mrizkybillar,5.3M,3.7M,334.7K,4.6K,2.8K,6
mrmilothechonk,2.1M,1.5M,313.6K,1.3K,2.2K,9
mrnigelng,5.3M,2.1M,251.2K,621,1.3K,9
mrs.wahlberg,1.9M,1.2M,147.8K,3.2K,986,9
mrstiventc1977,6.2M,2.4M,288.6K,1.9K,979,6
mrwhosetheboss,1.5M,3.8M,447.5K,964,300,9
mscathygonzaga,7.2M,2.7M,328.7K,616,403,6
mtarek.official3,1.3M,4.7M,864.2K,21.9K,8K,9
mttiwx,321.1K,1.6M,310.1K,3.6K,2.2K,6
munchy_monk,897.7K,1.3M,283.6K,3.9K,1.6K,6
munir.107,752.5K,1.2M,88.4K,371,6.7K,9
murphslife,5.7M,1.8M,279.5K,2.8K,2.1K,9
musdalifahbasrii,1.3M,2.2M,190.2K,3.4K,2.6K,9
musikyotogsj,1.2M,4.3M,192K,1.8K,55.9K,9
muslimoffcial0,3M,2.3M,256.7K,2.2K,1.1K,6
mythical_bubbles,133.5K,1.1M,221.3K,2.8K,2.9K,6
n.vv3,4M,2.9M,149.6K,2.3K,7.4K,9
n0dd,3.8M,1.6M,241.3K,3.5K,713,6
nacha_acashore,1.2M,2.2M,231.3K,434,743,9
nada_m7amed,6.4M,1.8M,190.8K,812,1.5K,9
nada_m7amed,6.2M,3.5M,272.2K,2.8K,2.1K,6
nadaahmed__1,907.4K,2.2M,150.1K,907,1.2K,9
nadirdearabier,1.1M,2.1M,185.1K,3K,694,9
naimdarrechi,28.1M,2.3M,228.4K,1.1K,6K,9
nalgalia.g,13.9M,1.6M,182.6K,449,2.2K,9
namyulenka,6.9M,1.5M,229.9K,1.2K,654,9
namyulenka,6.5M,3M,467.5K,3K,1.6K,6
naomineo,1.5M,2.9M,614.6K,1.3K,1.7K,6
naomineo,1.5M,2.9M,614.6K,1.3K,1.7K,6
nashvibes,3.7M,4.4M,365.5K,1.3K,493,9
nasyakailanazifa,2.8M,4.2M,173.2K,1.7K,1.1K,6
nathaliavalente,13.6M,2.3M,242.9K,731,375,9
nathalieholscher14,7.2M,3.5M,295.7K,936,647,9
nathcampost,1.7M,5.6M,871.8K,1.5K,991,6
navacarlosss,131.3K,1.7M,98.8K,353,8.9K,9
nazormaya,5M,5.7M,538.1K,1.6K,393,6
ndn2307,5.5M,2.6M,242.3K,1.4K,172,6
ndshvv,3.2M,3.8M,552.4K,3.4K,764,9
neitor.exe,2.9M,2M,307.8K,1.6K,709,9
nelkboys,4.1M,3.4M,314.1K,1.8K,7.3K,6
nessaabarrett,19.4M,4M,420.5K,2.7K,2K,9
nessaabarrett,18.5M,9M,791.2K,3.8K,3K,6
ngikuttrendaja,192.8K,3.7M,304.5K,1.5K,1.2K,9
ngikuttrendaja,192.8K,3.7M,304.5K,1.5K,1.2K,6
ngoc.matcha,4.1M,1.1M,150K,3.3K,617,9
ngoc.matcha,3.9M,1.5M,255.4K,2.4K,723,6
nhabebap,2.3M,2.5M,267.8K,689,319,9
nhu_y1203,690.2K,2.6M,239.8K,4K,205,9
niallmacmillan,5M,1.5M,123.2K,973,2.7K,9
niallmacmillan,3.1M,2M,149.7K,886,1.8K,6
nianaguerrero,33.2M,3.1M,358.5K,1.5K,684,9
nianaguerrero,32.1M,6.5M,1.1M,4.1K,2.6K,6
nick.digiovanni,8.9M,2.1M,300K,750,591,6
nickrowedder,457.7K,1M,264.3K,1.7K,2.7K,9
nickschmiiid,769.7K,1.1M,250.2K,1.3K,2.4K,6
nickvannsmith,9.4K,1.2M,269.8K,2.5K,9.9K,6
nicocaponecomedy,23.1M,4.6M,317.3K,1.4K,2.3K,9
nicocaponecomedy,21.7M,13.3M,720.7K,5.6K,33.2K,6
nicolassturniolo,3.3M,2.5M,412.1K,4.4K,582,9
nicolecherry,1.1M,1.7M,178.7K,1.4K,5.6K,6
nicoletv,10.6M,4.6M,872.4K,1.7K,2.6K,6
nicollefigueroaa,12.7M,5.5M,766.1K,1.8K,882,9
nicollefigueroaa,11M,6.9M,889.8K,2.9K,1.4K,6
nikkietutorials,6.2M,3.2M,498K,1.1K,538,9
nildachiaraviglio,1M,1.5M,78.9K,478,9.4K,9
nilered,10.3M,6M,1M,4.4K,6.3K,9
nilered,9.7M,2.8M,456.7K,2.1K,825,6
ninonrambaud,123.5K,4.1M,441.5K,1.5K,1.1K,9
njr11njr,1.2M,1.8M,228.8K,3.8K,2.1K,6
nmixx_official,1.9M,1.5M,378.3K,3.9K,1.5K,6
nnatalieaguilar,4.9M,3.4M,558.8K,568,825,9
noahschnapp,23.7M,23.6M,4.9M,44.2K,16K,6
nobodysausage,15.6M,1.9M,117.6K,934,3.9K,6
noeldeyzel_bodybuilder,5.3M,1.4M,228.2K,1K,885,9
noeldeyzel_bodybuilder,4.7M,2.3M,287.9K,1.6K,1.3K,6
noguidnce,2.2M,2.2M,430.6K,2.1K,1.8K,9
nolaymex,54.9K,4.4M,342.8K,3.5K,8.4K,6
norinpham_m4,2.2M,2.7M,279.5K,3.9K,366,6
nosoychaparro,5.4M,7.3M,1.4M,3.9K,5.2K,6
nost___,451K,3.4M,195K,726,902,6
notemmamarie,493.9K,4.4M,775.2K,9.1K,6.7K,9
notmarkharris,56.7K,754.3K,192.5K,1.7K,3.3K,9
notorious_foodie,1.5M,1.7M,177.7K,528,1.5K,9
notshanebennett,2.6M,2.6M,589.4K,1.2K,1.9K,9
notshanebennett,2.1M,2.7M,394.5K,1K,1.2K,6
nourmar5,14.6M,1.8M,136.9K,4.8K,8.8K,9
nubiegriffi,130.8K,4.3M,378.5K,2K,13.3K,6
nurbolat_football7,23.5K,2.2M,132.8K,2K,4.3K,6
nurse.johnn,1.9M,2.5M,272.5K,1.1K,4.1K,6
nvran_,538.5K,3.4M,341.4K,1.5K,30.3K,6
nyx.lynnx,202.6K,1.6M,155.5K,1.8K,1.4K,9
nyx.lynnx,202.6K,1.6M,155.5K,1.8K,1.4K,6
obj,1.5M,3.6M,447.2K,1.6K,2.9K,6
odintsoov,324.3K,1.5M,370.8K,2.5K,4K,6
official_kep1er,4.8M,2.7M,518.5K,3.6K,1.7K,9
official_kep1er,4.3M,4M,805K,6.1K,3.5K,6
official_nct,8.3M,1.1M,296.5K,2.8K,1.3K,6
official_wayv,3.8M,702.7K,251.7K,6.2K,1.7K,6
officialjadenwilliams,1.5M,1.7M,405K,2K,2.1K,6
officialsalicerose,19M,951.4K,188K,1.6K,2.9K,6
officialsunnydaze,1.6M,3.1M,495.3K,844,1.2K,9
oficialmarcuseni,4.5M,2.2M,198.6K,1.3K,46K,9
ogikdp,3M,4.2M,354.3K,3.6K,966,6
ogulcan,287.1K,3.3M,227.9K,1.9K,3.3K,6
oironyoliveira,6.2M,1.3M,89.7K,329,7.3K,6
okichloeo,3.7M,1.4M,188.2K,1.9K,962,9
okjackok,1.1M,1.4M,322.3K,875,1.1K,6
okunonolife,839.7K,3M,318.2K,1K,2.9K,9
oldtimehawkey,6.4M,2.9M,445.5K,4.6K,4K,9
oldtimehawkey,5.8M,4.6M,814K,7K,5.2K,6
oli_natu,10.1M,2.2M,305.3K,749,777,9
oli_natu,9.1M,2.8M,437.9K,777,1.1K,6
olisboa,3.3M,1.6M,262.9K,601,1.1K,9
olisboa,2.3M,2.8M,522.2K,1.2K,1.8K,6
oliver6060,2.8M,1.6M,67.1K,6.7K,1.9K,6
oliviadearlove2,17.4K,3M,175.9K,1.6K,1.3K,9
oma_abi_reaktions,16.3K,1.4M,104.7K,2K,4.9K,6
omahi.tiktok,14.7M,3.5M,391.9K,777,188,9
onerepublic,691.7K,2.8M,323K,955,2.5K,9
ongsquad,8M,2.7M,304.8K,1.2K,807,6
onlyjayus,18.2M,1.6M,237.4K,1.6K,503,9
onlyjayus,18M,1.7M,291.3K,1.8K,758,6
onwardwanna,7.5M,12M,2M,20.4K,4.2K,9
onwardwanna,5.7M,8.7M,1.7M,15.3K,4.4K,6
oscar_mezar,5.7M,2.6M,449.4K,1.7K,1.6K,6
otakoyakisoba,14.8M,2.1M,240.1K,966,1.4K,6
otoha_danso,1.5M,3.4M,268K,9.5K,11.2K,9
outofcontextcontent,1.2M,8.6M,776.9K,2.3K,9.3K,6
outtpig,2.1M,1.5M,341K,1.6K,1.7K,9
outtpig,1.9M,1.7M,543.8K,2.6K,2.2K,6
ox_zung,45M,1.9M,258.3K,2.3K,564,6
paansih16,1.1M,2.9M,230.5K,1.2K,27.7K,9
paansih16,1.1M,3.6M,291.1K,1.4K,31.5K,6
pablitocastilloo,5.8M,2M,234.7K,1.8K,10.8K,9
pablitocastilloo,5.2M,1.3M,138.2K,857,5.1K,6
pacodemiguel,6.8M,1.5M,229.6K,1.9K,5.4K,9
pacodemiguel,6.7M,771.2K,109.9K,2K,7.3K,6
paigetaylor.s,4.5M,2.6M,393.3K,1.9K,546,9
pailita.k7k,1.2M,1.6M,257.4K,2.7K,2.1K,9
pakoyaso_,12.8M,3.2M,282.6K,1.2K,2K,9
pakoyaso_,10.6M,2.8M,378.2K,1.5K,3K,6
palmertrolls,3.4M,2M,327.8K,884,2.7K,9
paloma.cedeno,578.6K,1.8M,289.6K,5K,18.8K,6
pam_a_cake,4.3M,2.3M,390.4K,1.1K,146,6
pamibabyy,7.2M,1.7M,288.9K,679,1.3K,9
pamibabyy,7.2M,1.7M,288.9K,679,1.3K,6
papavince.davao,599.9K,899.6K,116.1K,2.8K,3K,9
papurriyluisito,814K,1.3M,209.4K,684,2.3K,6
paralympics,2.5M,5.4M,467.8K,1.8K,6.3K,9
paralympics,2.1M,2.2M,228.4K,4.3K,2.8K,6
parishilton,6.3M,2.1M,201.6K,1.7K,1.1K,6
parkerlocke,6.4M,3M,634.3K,8K,8.5K,6
parnishacook,615.7K,3.2M,183.7K,352,21.3K,9
patinscascavel,3.5M,878.3K,62.4K,295,18.8K,9
patrickbarnes,2.4M,2.2M,417.2K,3.9K,7.3K,9
patrickrenna,2.9M,3.2M,248.5K,1.8K,3.5K,6
patriotickenny,2.3M,2.1M,292.9K,2K,3.3K,9
paulablanca143,58K,2.7M,145.3K,8.1K,23K,6
paulo_victormelo2,2.2M,4.7M,447.9K,815,1.2K,9
paulo_victormelo2,1.7M,2.9M,186.7K,706,1.5K,6
paulomuzy,1.3M,1.5M,182.4K,909,13.6K,6
paupelaez_,6.6M,1.2M,257.6K,2.1K,336,9
paupelaez_,6M,2.9M,496.7K,3.6K,1K,6
payton,15.2M,1.2M,241.9K,2.3K,1.3K,6
paytonking,5.3M,2.6M,325K,4.8K,7.6K,9
paytonking,5.2M,4.9M,1.1M,8.7K,10.1K,6
peaks.100_,1M,1.6M,172.3K,1.9K,1.4K,6
pedro.loc,203.6K,2.8M,384.8K,3K,2.7K,6
peetmontzingo,10.4M,2.4M,266.6K,1.3K,500,6
pegamangaa,1.9M,2M,242.4K,704,1.4K,6
pepperonimuffin,7.9M,2.2M,433.5K,809,225,9
pepperonimuffin,7.3M,3.8M,688.1K,1.4K,524,6
pete_pamana,2.7M,2.9M,307.2K,1.6K,801,6
phamvinh99,2.7M,2.8M,224.8K,1.4K,913,6
phatnail,1.4M,3.3M,333.9K,3.2K,583,9
phatnail,1.3M,2.9M,190.9K,2.4K,238,6
philiptanasas,9.3M,2.2M,252.9K,1.1K,610,9
phun.anh,3.6M,3M,271.6K,2K,735,6
pietro_storti,400.7K,1M,141.6K,1.6K,5.8K,6
pimrypie__tiktok,3.3M,7.7M,466.3K,2.3K,1.2K,9
pipepunk,1.5M,951.4K,235.2K,962,3.5K,9
piperrockelle,10.4M,1.9M,158.4K,3.6K,543,9
piperrockelle,9.5M,1.7M,173.2K,4.3K,389,6
pkcreedon,200.4K,1.4M,235.4K,1.4K,1.8K,9
pkllipe,19M,4.8M,893.3K,3K,5.6K,9
pkllipe,17.7M,2.1M,378.7K,1.7K,2.1K,6
playboyjuju,358.3K,1.7M,120.1K,2.4K,1.3K,9
plethoraklaus,68.2K,730.3K,179.2K,3.9K,1.9K,9
poki,6.3M,2.3M,234.8K,2.1K,667,9
pollerocho,3.5M,3.5M,567.2K,841,4.2K,9
pollywogcabin,149.6K,1.4M,134.6K,664,11.8K,6
polya_tuti,2.3M,3.1M,250.6K,711,730,6
pongamoslo_a_prueba,36.7M,9.3M,1.6M,2.3K,2K,9
pongamoslo_a_prueba,34.2M,11.2M,1.7M,4.1K,3.5K,6
popokbolong,2.6M,1.5M,276.9K,1.6K,806,6
posterised,5.5M,1.5M,199.7K,715,1.4K,9
posterised,4.1M,10.1M,1.3M,3.6K,3.9K,6
postmalone,12.8M,1.9M,176K,1.4K,2K,9
pr4nce,2.6M,1.6M,267.1K,3.5K,2.5K,6
priimoraa,16.1M,2M,345.5K,293,726,9
priimoraa,15M,3M,525.9K,840,880,6
priv_mav,5.3M,2.7M,334K,524,686,6
psg,30.1M,1.7M,177.6K,1.4K,576,9
psg,27.9M,2.6M,271.5K,1.5K,497,6
pumatheweirdo,2.4M,1.5M,183K,722,5.5K,9
pureojuice,168.3K,1.1M,186.1K,3.3K,3.7K,6
qamar_altaey,3.8M,3M,298.1K,7K,9.9K,9
qamar_altaey,3.2M,5.8M,517.2K,12.2K,11.6K,6
qpark,33.6M,5M,415.3K,3.9K,6.6K,9
qpark,32M,12.4M,1.1M,6.4K,19.1K,6
queen_paul,3.1M,3.2M,78.9K,3.1K,950,6
quynh.aka,1.9M,4.7M,333.2K,4.4K,7.3K,9
qvos,1.9M,1.5M,157.1K,4.2K,2.2K,6
rachaeloneil,1M,2M,144K,1.6K,1.8K,9
rachsullivan__,1.5M,2M,370.2K,739,927,9
rad.miru,12M,3.7M,298.2K,1.1K,294,6
rafaellatuma,1.2M,1.5M,146K,1.4K,12.6K,6
rafaelsantos,18.5M,2.5M,398.2K,1.8K,645,9
rafaelsantos,17.9M,2.4M,548K,2.7K,1.1K,6
rafifrasyaq,74.7K,1.6M,221.8K,1.8K,4.1K,6
ragnarlebretonofficiel,383.4K,1.5M,135.4K,400,2.7K,9
rah_money1,3.4M,3.2M,426.3K,3.1K,6.3K,9
rah_money1,3.1M,1.7M,231.5K,1.5K,1.4K,6
rajaabelmir,1.1M,1.4M,133.8K,1.1K,2.3K,9
rakib_hossain_vlogs,1.2M,1.3M,139.6K,4.1K,1.1K,6
ramonvitor,8.7M,9.3M,1.9M,7.3K,2.4K,9
ramonvitor,4.4M,3.9M,821.6K,2.9K,1.3K,6
ranboolive,4.3M,1.8M,414.8K,7K,1.6K,9
rank.ali,571.5K,3.1M,144.4K,1.7K,630,9
rapaellcug,868.7K,923.1K,194.6K,2.4K,3.2K,9
raredoodle,1.8M,3.2M,370.1K,2.4K,1.5K,9
ratuauliaa22,12.6M,2.5M,304.1K,1.9K,1K,6
raulbazanm,5.7M,2.2M,184K,964,1.8K,9
rawwwash,1.2M,7.1M,370.6K,2.1K,3.7K,6
rayandmadalyn,1.1M,3.6M,496.1K,1.8K,2.6K,9
rayanfahmi,3.7M,2.9M,235.9K,2.8K,1.2K,9
rayanfahmi,3.3M,2.4M,221.2K,1.2K,921,6
rayssabuq,7.2M,4.3M,775.3K,7.9K,4.1K,9
rayssabuq,6.1M,1.5M,252.2K,2K,761,6
rbplaying,4.9M,1.4M,100.2K,675,3.6K,9
rdcworld1,3.1M,1M,227.6K,1.2K,6.7K,9
readyfredi,3.2M,1.6M,364K,3.8K,6.6K,9
readyfredi,2.3M,7.5M,1.4M,19K,32.1K,6
real_animasinopal,1.8M,2.9M,277.7K,451,619,9
real_animasinopal,1.5M,2.5M,309.6K,1K,3.1K,6
realmadrid,17.7M,2.8M,403.2K,2.6K,2.3K,6
realnikocadoavocado,1.7M,3.4M,131K,6.9K,6K,9
reem_alsawas,1.9M,3.9M,162.3K,1.1K,2.1K,9
reesewitherspoon,8.5M,1.5M,147.9K,2.3K,878,9
renpc_,4.8M,1.6M,339.3K,1.6K,5.3K,9
renpc_,4.1M,1.9M,349.7K,1.8K,6.4K,6
reymbayang,3.4M,1.3M,253K,2K,3.4K,9
reyyhaan31,4.4M,2.8M,213.5K,1K,409,6
ria_d3miri,3.1M,2.3M,270.9K,4.9K,1.5K,9
riaricis,28.6M,2.3M,242.7K,764,878,9
riaricis,27.4M,2.9M,276.7K,1.1K,1.2K,6
ricardogaeta_,737.8K,2.1M,232K,4.9K,5.3K,9
richcaroline,3.1M,1.6M,308.2K,669,1.4K,6
rickylemon99,11.6M,3.5M,394.8K,549,366,6
rifirdus,2.1M,2.1M,158.9K,845,1.3K,9
rita_pubg,1.6M,1.4M,135.7K,7.5K,1.5K,6
riyukabunga,2.9M,1.9M,132.4K,2.3K,2.3K,9
rizwanfadilah.a.s,1.6M,1M,205.2K,2.2K,2.1K,9
roadrunnerpete,72.2K,926.4K,151.6K,2K,8K,9
robert_kelley,780.5K,1.4M,280K,1.4K,2K,6
roblox,8.8M,1.5M,239.6K,5.9K,1.5K,6
romanlolo,2.6M,1.9M,170.4K,2K,579,9
roportajadam,1.1M,2.1M,125.4K,411,5.1K,9
rosalia,25.5M,14.2M,1.2M,3.3K,2.6K,9
rosalia,20.8M,3.3M,445.1K,2.1K,992,6
rose.friederike,3.9M,3.1M,123.9K,974,930,9
rosssmith,22.9M,1.5M,156.1K,927,6.3K,9
rubentuestaok,21.3M,5.5M,802.3K,1.6K,4.4K,9
rubentuestaok,15.6M,4.9M,568.1K,1.4K,4K,6
rubiaramallho,2.7M,2.1M,156.4K,613,2.1K,9
rubxnillo,508.1K,3.8M,279K,282,925,9
rucenuenda1,2.1M,3.3M,490.6K,1.5K,554,9
rucenuenda1,1.6M,2.1M,332.5K,1.4K,740,6
rug,9.1M,1.7M,230.5K,1.9K,314,6
runabyte,949.4K,2.1M,573.2K,1.8K,2.2K,9
rus.alien,7M,5M,279.5K,1.2K,233,6
ryanbakery,2.9M,5.4M,548.2K,7.8K,7.7K,9
ryanbakery,1.5M,3.5M,364.5K,4.2K,4.2K,6
ryansunandar,4.8M,873.2K,85.7K,5.4K,2.9K,9
rzy135,278.3K,1.1M,153.9K,1.1K,3.8K,6
rzy135,278.3K,1.1M,153.9K,1.1K,3.8K,6
sa_h700,417.4K,2M,201.7K,1.6K,2.5K,9
sa_ro01,5.8M,4.9M,385.9K,8.2K,2.3K,6
saafiir_,3.6M,3.5M,143.6K,738,789,6
sabrenorris,3.6M,1.8M,186.9K,4.1K,329,9
sabrenorris,3.1M,1.7M,168.4K,9.6K,607,6
sabrinacarpenter,12.6M,3.2M,346.5K,3.3K,1.2K,9
sabrinacarpenter,12.3M,2.8M,502.6K,1.5K,1.1K,6
sabrinamaria,66K,3.4M,435.9K,1.7K,752,6
sachiuki,617.4K,866.8K,269.2K,3.9K,2.8K,6
sajads111,1.5M,2M,71.2K,1.1K,6K,9
sallyalawady1,4.1M,3.4M,187.8K,1.7K,446,9
samanth_a01,490.5K,1.9M,247.9K,1.7K,1.1K,6
samdabaddest,312.4K,1.5M,369.8K,836,3.3K,9
samkelly322,2.5M,2.4M,423.5K,1.2K,2.1K,6
sammihanratty,1.2M,3.7M,775.5K,1.6K,1.5K,6
sammy_dao222,2.6M,2.2M,218.7K,4K,1.3K,6
sampepper,4.2M,3.1M,227K,799,642,9
samseats,9M,9.6M,1.1M,2.3K,2.1K,6
sanjosejules,2M,2.3M,274.5K,566,486,9
santiperezvivas,1.8M,2.5M,418.3K,1.8K,3.8K,9
sarahcothran,3.2M,1.5M,276.8K,1.2K,1K,6
saraisthreads,1.6M,2.3M,462.7K,2.6K,6.1K,9
saramohannad_,7.9M,4.5M,364.9K,6.3K,3.1K,9
saray.____,67.9K,1.4M,85.6K,2.7K,9.4K,9
scarlettsspam2,2.1M,17.9M,845.8K,53.9K,6.3K,9
scarlettsspam2,2.1M,17.9M,845.8K,53.9K,6.3K,6
scottsreality,37.4M,4.9M,139.6K,1K,196,6
scottsreality,37.4M,4.9M,139.6K,1K,196,6
scottsreality,37.4M,4.9M,139.6K,1K,196,6
sebasmorenooo,5.1M,3.3M,293.7K,1.4K,300,9
secondhandhuns,99K,1.8M,252.5K,1.9K,1.2K,6
sefo,759.8K,3.3M,283.4K,1K,810,6
selenagomez,43.2M,5.2M,804.9K,4.2K,4.5K,9
selenagomez,41.6M,11.3M,1.9M,12K,6.1K,6
selenaoutdid,347.2K,2M,280.7K,1.5K,1.8K,6
semiraminta,11.9M,2.2M,167.4K,5K,605,6
senaitalo,2.6M,2.1M,198.8K,1.5K,3.3K,9
ser_jay,5.3M,1.4M,226.2K,2.5K,3.5K,9
sergioramos,10.2M,1.6M,192.7K,4.8K,342,6
seventeen17_official,6M,1.9M,595.1K,5.3K,4.9K,9
seventeen17_official,5M,3.4M,748.6K,10.3K,9.4K,6
shadisrour,2.2M,3.2M,196.4K,2.3K,5.2K,9
shadisrour,1.9M,3.1M,290.3K,4.1K,2.7K,6
shahab_vid1,3M,3.7M,62.4K,2.6K,1.9K,6
shakira,23.9M,6.3M,407.3K,1.6K,508,6
shanjid_hasan,4.6M,2.2M,233.7K,1.1K,879,6
shanti_rehman,290.3K,3.7M,245.1K,2K,2.2K,6
sharl_crb,1.8M,2.1M,365.7K,1.3K,516,6
shayvise,3.6M,2.1M,412.8K,774,361,9
shayvise,2.9M,2.1M,376K,861,282,6
shehabeldin100,6.9M,1.4M,141K,1.6K,1.4K,9
shenacinnamon,530.6K,2.5M,237.7K,798,559,6
sherifkhalid,9.8M,1.3M,154.6K,2K,2.3K,6
sherinicolee,14.3M,2.8M,263.2K,1.1K,103,9
shlatfish,3.8M,1.8M,250.1K,3.9K,2.6K,6
shoelover99,8.9M,1M,169.2K,4.2K,481,9
shxtsngigs,4.9M,3.6M,603.1K,1.9K,5.6K,9
shxtsngigs,4M,6M,1.2M,2.4K,13.1K,6
sibenitoo,5.6M,2.5M,185.7K,1.5K,598,9
sibenitoo,5.1M,1.7M,147.8K,2K,1.2K,6
sidaivan,89.8K,2.3M,149.9K,2.2K,1.5K,9
sidetalknyc,3.7M,1.6M,222.1K,897,3.8K,6
simoneberlini,6.1M,1.6M,259.8K,868,1.1K,9
simp4me.de,17.3K,1.4M,202.5K,2.2K,6.4K,6
simpforatispaul,2.7M,2.1M,355.1K,853,423,9
siscakohl,12.4M,9.2M,1.1M,6.2K,1.8K,9
siscakohl,12M,11.2M,1.4M,15K,5.2K,6
sjbleau,12.9M,2.5M,372.2K,979,576,6
skaijackson,20.1M,2.1M,441.5K,899,372,9
skaijackson,19.9M,2M,393.3K,1.5K,601,6
skillerhomei,1.9M,1.9M,329.7K,3.8K,4.8K,6
skuratof,623.2K,1.8M,151.3K,793,4.4K,9
slayeas,3.9M,1.8M,239.7K,837,1.1K,9
slimjim,2.7M,1.8M,137K,22.7K,190,6
snauzk,4.3M,897K,225.6K,1.9K,3.6K,6
snoopdogg,23.4M,3.7M,168.1K,2.7K,3.3K,9
snoopdogg,21.4M,4.3M,362.3K,4.7K,1.8K,6
so.077,419.5K,1.8M,119.1K,2.7K,1.8K,9
soanhvadiephihi,3.1M,3.1M,328.4K,864,533,9
soapinmymouthoncemore,5.1K,943.3K,189.6K,1.9K,3.1K,9
sofiacarson,6.2M,5.7M,903.5K,3.2K,2.9K,9
sofiaespanha,4.6M,1.9M,284.8K,1.3K,996,9
sofiaespanha,3.7M,2.6M,437.2K,2.8K,688,6
softbulletgun97,1.3M,2.3M,188.3K,2.2K,4.1K,9
softbulletgun97,1.3M,2.3M,188.3K,2.2K,4.1K,6
sofyank96,2.6M,4.5M,565.1K,2.5K,3.4K,9
somi_official_,7M,1.5M,329.6K,2K,496,9
somosnoveleiros,1.1M,1.5M,287.8K,1.7K,537,6
son_dan,1.4M,3.7M,185.1K,670,841,9
songsforlittles,1.1M,2.6M,187.5K,1.6K,1.7K,9
sonrixs_,13.7M,4M,534.4K,1K,642,9
sonyakisa8,17.4M,3.5M,287.7K,1K,5.3K,9
soojinicoreana,18.6M,9M,1.4M,4.3K,1.1K,6
soulzang,293.5K,796.6K,218.3K,2K,5.7K,9
soupytime,5.1M,1.3M,282.5K,2.1K,794,6
soy_marcela4,4.5M,2.1M,336.6K,710,2.6K,9
soydekko,6.9M,2.1M,307.8K,2K,304,6
soyminisech,1.2M,6.5M,603.4K,2K,9.5K,9
soyminisech,731.6K,5.7M,360.7K,1.5K,5.7K,6
soysaucer,1M,2M,272.8K,790,2.7K,9
soysaucer,563K,5.9M,851.1K,2.7K,14.4K,6
soysuco,12.5M,5.4M,570.5K,8.7K,1.1K,9
soysuco,11.4M,4.8M,628.1K,14.5K,1.7K,6
soysuco_ff,3.7M,3.4M,430.5K,6.6K,981,6
spencer_serafica,13.6M,5.2M,924.3K,5.9K,4K,9
spencer_serafica,12.9M,3.2M,562.2K,3.1K,2.6K,6
spents,1.7M,1.2M,255.3K,1.2K,1.5K,6
spicyycam_,19.5M,4.2M,414.1K,2.8K,1.3K,9
spicyycam_,19.1M,1.8M,214.8K,1.9K,139,6
spriteder_spd,4.1M,3.6M,434.9K,845,334,9
squatch.and.sons_customs,213.6K,7.7M,471.3K,1.6K,1.2K,9
stainedhands,1.6M,1.6M,335.3K,359,1.2K,9
starirawan,550.3K,1.8M,177.3K,8.6K,1.8K,9
stayc_official,1.4M,706.2K,229.9K,5.4K,1.4K,6
stellajero16,1.3M,861.9K,185.3K,9.3K,970,6
stephenamell,1.6M,1.2M,206.5K,2.1K,2.7K,6
stevang08,251.1K,2.2M,293K,2.1K,23.3K,6
steveioe,10.9M,1.4M,254K,888,1.5K,6
stickyboy69,8.9M,1.9M,478.8K,14.6K,3.8K,9
story_7647,571.1K,1.6M,316.5K,358,6.1K,6
straange_56guuuuy,5.9K,1.5M,276.6K,2.2K,10.8K,9
straange_56guuuuy,5.9K,1.5M,276.6K,2.2K,10.8K,6
strangehumano,10.4M,3.8M,400.8K,2.4K,1.1K,9
strangehumano,9.2M,4.6M,656.7K,2.2K,1.6K,6
straykids_japan,8.1M,1M,344.9K,7.6K,3.9K,9
straykids_japan,7.6M,849.6K,255.3K,6.7K,4.7K,6
sturniolo.triplets,4M,2.8M,654.2K,7.6K,2K,9
subarumotorsportsusa,199.9K,1M,161.9K,840,3.4K,9
subwaysurfersofficial,4.3M,4.2M,677.1K,8.4K,963,6
sucss.s,11.5M,3.2M,539.9K,2.5K,755,9
sucss.s,10.7M,2.7M,608.5K,2.8K,649,6
summerhays.bros,793.1K,1.3M,188.3K,539,2.2K,9
sunnyjutt1296,2.2M,2M,204.5K,1.4K,1.2K,9
supadupahumble,2.2M,2.7M,540.3K,1.7K,6.9K,6
surasak1437,1.1M,1.8M,188.5K,463,7K,9
surfinsafari,105.7K,2M,221.1K,1.4K,1.7K,6
surthycooks,9.5M,2.5M,273.6K,1.4K,353,9
susymourizz,8.4M,1.8M,212.2K,1.5K,470,9
susymourizz,7.2M,2M,229.3K,2.7K,1.3K,6
swaggyj.enny,546.3K,1.5M,316.2K,1.6K,1.2K,6
sweeettails,2.8M,1.4M,164.4K,828,5K,9
sweizayne,1.7M,907.7K,164.4K,1.9K,2.5K,9
t_400,3.8M,1.5M,219.3K,1.3K,982,9
t22felton,10.1M,2.8M,303.5K,3.1K,2K,9
tabithaswatosh,12.5M,2.3M,362.2K,1.1K,203,9
taetoowavy,8M,873K,171.3K,1.9K,2.4K,9
tai.tl2,832.3K,1.9M,316.9K,1.6K,2.5K,9
tai.tl2,396.9K,1.2M,212.4K,1.7K,3.3K,6
talalionaire,905.6K,2.9M,195.1K,2K,1.8K,9
talalionaire,593K,5.6M,404.1K,10.9K,8.1K,6
talfishman,2.2M,1.6M,206.5K,1.5K,837,6
tammyhembrow,1.7M,3.8M,429.5K,1.3K,1.3K,9
tanamongeaulol,7.4M,2.1M,234.5K,1.2K,412,9
tangmokoko,901.5K,3M,191.4K,1.6K,467,6
tangozilla,280K,2.2M,467.5K,1.3K,3K,9
tannertan36,689.8K,926.2K,249.3K,1.9K,3.6K,6
taossenpai,635.7K,1.2M,219.6K,1.4K,5.3K,9
taylorfrankiepaul,3.6M,3.5M,155.7K,1.2K,443,6
teddyteclebrhan,863.2K,1.2M,140.5K,585,4K,6
terryreloaded,6.5M,2.3M,508.7K,2.7K,8.7K,9
terryreloaded,5.9M,4.7M,946.9K,7.1K,13.2K,6
tessteur,83.4K,940.8K,81.9K,704,10.8K,6
teukuryantr,3.7M,2.2M,215.9K,1.4K,1.6K,6
texasboi78,21.4K,1.4M,89K,900,19K,6
texasbushman,2.1M,1.2M,197K,611,2K,9
texassbitty,142K,1.1M,126.1K,918,3.7K,9
thalita_karter,3.9M,3.4M,200.2K,1.2K,6.9K,9
thallyssonsb,10.7M,3M,450.1K,3.8K,8.1K,9
thallyssonsb,9.6M,2.6M,388.8K,4.2K,6K,6
thanhyvo,11.5M,3.9M,245.1K,1.1K,202,6
thatlittlepuff,28.6M,4.6M,476.5K,916,1.2K,6
thaybeou40,4.1M,4.1M,363.6K,2K,290,6
the.historical,201.5K,2.9M,346.2K,4.8K,5.1K,9
the.historical,201.5K,2.9M,346.2K,4.8K,5.1K,6
theandrewschulz,4.1M,1.4M,192.9K,613,2.6K,9
theandrewschulz,3.5M,2.6M,474.1K,2.7K,11.8K,6
thebenjishow,5.9M,3.3M,643.8K,2.2K,3.2K,9
thebenjishow,5.7M,1.8M,274.1K,1.1K,1.5K,6
thebosswives,1.1M,2.2M,206.2K,808,4.2K,6
thecoreyb,8.8M,1.5M,194.2K,755,8.3K,9
thecoreyb,8.7M,905.9K,141.4K,808,5.6K,6
thedonato,8.1M,1.3M,152.8K,3.5K,92,9
theestallion,12.2M,2.1M,277.2K,2.3K,2K,9
theevaelfie,4.1M,1.6M,194.1K,3.5K,1.2K,6
thefashioncouple,3.6M,3.1M,189K,6.6K,303,9
thegervaisshrine,135.3K,2.3M,232.9K,1.2K,3.7K,6
thegnshow,1.7M,2.9M,287.8K,421,1.3K,9
thehealchef,2M,2.5M,374.5K,3K,2.7K,6
thehypehouse,21.1M,3.2M,441.7K,2.7K,523,9
thejoeyswoll,5.3M,1.7M,240.8K,2.2K,322,9
thekapelariz,1.4M,1.8M,255.9K,1.5K,741,6
thekauczuk,644.9K,2.4M,205.1K,2K,358,6
thekidlaroi,3.1M,3.5M,448.5K,3.6K,3.1K,6
thelondoncharles,6M,1.7M,374.9K,1.4K,751,9
thelondoncharles,5.9M,2.7M,637.4K,2.4K,2.2K,6
themerkins,631.9K,600.1K,150.9K,1.4K,6.8K,9
themysteriouschef,4.7M,1.9M,187.8K,1.1K,1.2K,6
thenataliahms,73.9K,3.5M,259.6K,928,11.8K,9
theodortytb,1.5M,2.6M,563.3K,2.5K,773,9
theonlycb3,6M,1M,235.1K,2.1K,1K,9
theovon,2.7M,3.1M,320.8K,1.1K,5.6K,9
theovon,2.1M,1.4M,127.3K,1.3K,12.3K,6
thephysicshouse,592.4K,1.8M,307.7K,1.9K,507,9
therealdrmiami,1.8M,1.3M,270.6K,681,1.3K,9
therealhammytv,14.8M,6.4M,322.5K,2.1K,17.3K,6
thereallifeguys,474K,2.3M,216.1K,639,626,9
therealmaneskin,5.7M,2.9M,339.8K,1.6K,974,6
therock,55.4M,13.1M,1.5M,14.3K,11.9K,9
therock,53.1M,2.7M,422.7K,5.9K,2.9K,6
theshabakitchen,2.1M,1.3M,114.1K,1.8K,4.3K,9
thestradman,3.2M,4M,587.8K,7.4K,2.4K,6
thesupercole,21.9M,8M,848.8K,3.3K,2.1K,6
thethai.14,445.2K,2.9M,182.4K,1.1K,841,6
thethinktok,666.1K,1.7M,152.1K,1.9K,7.1K,6
thiagobarrosoficial,3.6M,2M,223.7K,901,950,6
thiagobarrosoficial,3.6M,2M,223.7K,901,950,6
thiennhan5272,4.1M,2.9M,216.8K,712,295,9
thinfrog,1.5M,2.3M,204.3K,1.4K,863,6
thinhung99,6.2M,2.6M,295.7K,4.6K,965,6
thiskasai,884K,1.5M,272.5K,1.7K,6.7K,6
threedotcorey,4.9M,6.3M,1.4M,2.9K,7.1K,9
tiahranelson,4.4M,890K,260.8K,4.1K,2.9K,6
tifannylm,8.7M,2.8M,355.6K,816,222,9
tifannylm,8.3M,4M,451.2K,1.3K,517,6
tik_tok_bhadie,1.6M,4.6M,1.2M,4.1K,6.6K,6
tiktokchavs_,1.4M,1.2M,203.5K,1.3K,2.4K,6
tina_042,795K,1.8M,314K,2K,2.4K,9
tmaai_,91.8K,1.3M,170.9K,638,4.4K,6
tombrady,4.2M,5.5M,551.6K,4.5K,6.9K,6
tomjamesr,77.1K,2.2M,298.7K,1.1K,956,6
tommyinnit,11.5M,1.3M,366.3K,5.4K,1.1K,6
tommyunold,11.3M,2.3M,317.8K,2.2K,172,9
tonylopez,23.1M,2.1M,252K,1.3K,460,6
tonystatovci,2.4M,991.7K,224.5K,889,2.1K,9
tooturnttony,17.7M,3.7M,355.5K,2.6K,1.1K,9
tooturnttony,17M,4.1M,494.3K,4.4K,1.3K,6
trainee_a,3.1M,1M,280.2K,3K,2.5K,6
trashywashyy,3.6M,3.8M,288.9K,1.1K,355,6
trevorwallace,8M,2.8M,269.4K,673,7.6K,6
trungruoi93,2.1M,3.7M,112.6K,639,2.1K,9
tsezy,4.8M,2M,253.5K,1.9K,735,9
tsezy,4.8M,2M,253.5K,1.9K,735,6
tsonghanwu,6.4M,2.2M,358K,652,932,6
ttdramanews,856.3K,6.1M,1.1M,16.6K,17.7K,9
tuananh_villa699,1.9M,1.7M,251.2K,3.8K,1.1K,6
tuankiet.2000,4.6M,2.9M,216.5K,1.1K,268,9
tuankiet.2000,3.4M,2.2M,258.4K,1.3K,386,6
tulio_sasaya,468.5K,1.6M,366.9K,2.1K,1.5K,6
tunico80,6.7M,1.8M,297.8K,1.8K,1.8K,6
turquoise.dec,469.4K,1.4M,302.8K,1.2K,1.3K,6
tuvok12,12.7M,9.3M,1.3M,1.1K,1K,6
twice_tiktok_official,17.9M,1.3M,325.5K,3.7K,2.5K,9
twice_tiktok_official,15.9M,4.9M,1.3M,21.8K,12.8K,6
twinkle.t1ts,803.5K,3.7M,281.5K,2K,302,9
twinsjne,1.1M,2.4M,486.9K,783,665,9
txt.bighitent,18.1M,3.8M,1.1M,27.4K,9.5K,9
txt.bighitent,17.3M,4.2M,1.3M,21.4K,7.8K,6
ty.funnyfunny,237.7K,1.2M,240.9K,5K,14.9K,6
ugolord,6.3M,1.9M,186K,4.9K,369,9
unboxing.id,100K,2.1M,203.9K,1.3K,643,6
unlabeled_,1.2M,3.3M,610.5K,1.7K,648,6
unlap1n,124.2K,803.5K,263.2K,2K,2.5K,6
unnecessaryinventions,5.3M,2.4M,377.9K,1.4K,451,9
unreal_keanu,3.7M,1.8M,187.9K,6.4K,2K,6
usso96,7M,4M,303.1K,889,1.8K,6
ustazebitlew,4.1M,1.9M,156.3K,6.3K,4.4K,9
ustazebitlew,3.3M,2.4M,195.2K,3.6K,2.4K,6
valuza.z,1.9M,2.1M,365.7K,1.3K,748,6
vancityreynolds,20.1M,3.8M,973.5K,3.4K,2.5K,6
vanessalopesr,25.2M,3.4M,327.8K,3.6K,1.9K,9
vanessalopesr,23.3M,3.9M,387.9K,3.2K,1.8K,6
vanrezaputra,320.1K,1.9M,163.3K,2.3K,1.8K,6
vasif.yahyayev95,1.6M,2.3M,117.9K,1K,1.9K,6
veganpastrychef,2M,2.5M,380.5K,2.1K,4.1K,6
veliaveve_,2.5M,2.1M,361.3K,1.4K,337,6
venao2323,4.5M,1.8M,175.7K,1.2K,1.9K,6
vhackerr,14.9M,3.3M,487.1K,4.6K,2.7K,9
vhackerr,14.4M,3.7M,737.6K,9.6K,5.3K,6
vibin.wit.tay,4.1M,1.5M,295.9K,1.2K,4.4K,9
vibin.wit.tay,3.7M,2.8M,652K,2.9K,12.4K,6
vicblends,13.2M,2.7M,523.9K,1.8K,836,9
victormelo,21.9M,4.5M,736.7K,2.5K,4.2K,9
victormelo,20.9M,5.1M,745.1K,4.1K,5.2K,6
videomusic.oficial,2M,1.5M,140K,284,5.5K,6
videoschapin,56K,2.9M,78.8K,2.7K,10.6K,9
vidhia_r,7.2M,1.1M,151.5K,2.9K,1.7K,9
vidhia_r,6.7M,3.2M,382.9K,4.7K,3.9K,6
vienvibi_899,7.5M,4M,375.8K,2K,394,9
vienvibi_899,6.7M,3.2M,330.6K,1.3K,285,6
vietduongg_,161.2K,1.2M,129.7K,12.7K,4.8K,9
vietphuongthoa98,11M,3.7M,426.6K,1.8K,387,6
viki_tory88,310.6K,1.9M,48.8K,208,12.9K,9
viki_tory88,310.6K,1.9M,48.8K,208,12.9K,6
viliacarl,4.1M,2.8M,243.1K,881,470,9
viliacarl,3.2M,3.1M,281.5K,785,1.2K,6
vilmeijuga,13.3M,3.2M,321.6K,3.6K,1.9K,6
vincentgiganteee,2.3M,2.1M,300.9K,1.6K,3.9K,9
vinhtech.review,753K,4.2M,225.6K,3K,1.1K,6
vinnyguadagnino,3.1M,5.1M,629.3K,5.9K,7.2K,9
viralatacaramelo,1.5M,2.1M,526.3K,4.9K,1.7K,6
virginiafonseca,34.1M,3M,410.9K,1.2K,961,9
virginiafonseca,32.5M,4.3M,495.1K,2.3K,946,6
vito.video,1.9M,2.2M,340K,2K,2.2K,9
vitoou,52.4K,1M,179.3K,3.3K,10.9K,9
vitoou,52.4K,1M,179.3K,3.3K,10.9K,6
vivinovikaa,999.1K,1.6M,197.9K,1.7K,945,9
volvydooya,1.3M,1.1M,233.1K,1.2K,2K,9
voronina_valeria_,2.3M,3.7M,460.4K,1.1K,334,9
vzelivx,731.3K,2.1M,271.2K,2.6K,1.3K,9
vzelivx,731.3K,2.1M,271.2K,2.6K,1.3K,6
waspycraft1,194.4K,2.3M,188.6K,922,1.9K,9
wawazainal92,116.7K,1.7M,216.1K,3.9K,2.6K,6
wei__official,1.4M,959.5K,229.6K,2.8K,1.9K,9
werenotreallystrangers,4.4M,1.7M,329.5K,1.5K,1.2K,9
wessamq,5.2M,8.3M,860.9K,4.7K,6.2K,6
wigofellas,34.4M,2.6M,158.9K,1.9K,1.2K,9
wigofellas,33.3M,3.2M,163.5K,606,1.3K,6
williamlast_krm,4.6M,2M,210.6K,2.9K,2.4K,6
willian99music,720.3K,1.6M,143.5K,188,6.3K,9
williesalim,15.5M,8.1M,589.2K,17.4K,5.4K,9
williesalim,13.3M,4.3M,260.8K,6K,1.8K,6
wilmah10,6.3K,2.9M,208.2K,2.7K,9.9K,9
winnermaxyt,4.5M,13.8M,1M,1.8K,4.5K,9
wisdm8,8.5M,4.6M,874.4K,3.5K,2K,9
wisdm8,8.2M,1.4M,277.5K,2.6K,1.6K,6
worldofxtra,806.2K,943.6K,290.6K,1.4K,2K,9
wubzzy69,1.5M,911.9K,194.8K,1.7K,2.7K,9
wuesilva,13.1M,4.1M,283.4K,1.2K,1.4K,9
wuesilva,12.5M,1.9M,236.4K,1.6K,1.6K,6
xawado,1.2M,1.7M,137.5K,1.9K,2.3K,9
xoang_xa,917.6K,2.1M,475K,2.9K,1.8K,9
xoteam,37.8M,2.5M,180.2K,859,450,9
xtnam1,2M,1.3M,352.8K,1.5K,1.2K,6
xuxameneghel,684.5K,2.3M,177.2K,1.8K,716,9
xxlechuga,5.3M,2.2M,476.1K,1.2K,1.9K,9
xxlechuga,4.1M,1.2M,293.1K,1.3K,2K,6
xxxten1369,3.7M,2.8M,335.1K,1K,1.8K,9
xxxten1369,3.7M,2.8M,335.1K,1K,1.8K,6
yahayraosorio,372.6K,2.2M,67.7K,1.1K,15.7K,9
yahia_x,2.2M,4M,189.9K,1K,3.1K,9
yahia_x,2.2M,4M,189.9K,1K,3.1K,6
yasincengiz38,1.5M,5.3M,141.5K,433,4.5K,6
yayisrenteria,339.9K,1.9M,133.6K,382,1.9K,9
ycn.benz,132.1K,1.3M,44K,849,14.8K,9
yescyrille,3M,3M,196.5K,967,2.2K,6
yesimresmi1,17.1M,3.5M,122.5K,1.1K,765,9
yesimresmi1,16.6M,3.3M,223.4K,1.5K,850,6
yg_treasure_tiktok,4.4M,830.5K,216.9K,2.2K,1.8K,9
yg_treasure_tiktok,4.2M,2.3M,645.4K,10.2K,6.2K,6
ygnazz,1.5M,1.2M,214.8K,1.6K,2.6K,6
yizaroff,4.9M,1.8M,252.2K,2.9K,551,6
yk_osiris,1.9M,3M,373.6K,4K,6.3K,6
ynchq,6.4M,4.9M,660.1K,2.7K,3.5K,9
yogaarizona,1M,3.7M,352.7K,1.8K,1.9K,6
youngswagonoriginal,4.9M,5.1M,752.5K,1.4K,6.7K,9
youshi_maru,83.6K,1.9M,145.2K,1.1K,4.4K,9
ypk.raye,4M,1.8M,332.5K,890,642,9
yucholoco,2.2M,2M,226.2K,6.8K,3.9K,6
yunggravy,6.6M,9.5M,1.4M,3.5K,2.7K,9
yunggravy,3.8M,2.8M,431.9K,2.7K,3K,6
yurielkysojeda,14.8M,2.2M,277.3K,1.3K,2.3K,9
yurielkysojeda,13.7M,2M,293.7K,1.3K,515,6
yurinya1128,647.3K,2.3M,162.3K,2.5K,787,9
yzn47,7M,7M,249.2K,1.2K,6.1K,9
yzn47,6.1M,13.1M,555.5K,3.6K,20.1K,6
zachking,68.8M,3.5M,394.4K,1.4K,650,6
zainah.mb,1.2M,1M,208.1K,1.1K,3.2K,9
zakuryyy,423.5K,2.6M,359.3K,1.9K,5K,6
zane,6.4M,2M,323.8K,775,863,9
zanfilms,1.9M,2.7M,98.7K,1.2K,1.3K,9
zappingtv.it,146.2K,2.3M,150K,426,2K,6
zara,2.6M,6.2M,235.5K,786,399,6
zbor0vska,1.1M,1.9M,288.9K,1.4K,1.3K,9
zeinabharake,14.4M,3.5M,492.1K,1.7K,673,9
zeinabharake,13.5M,2.6M,399.2K,1.5K,637,6
zeinazeee,3.8M,2.2M,185.6K,820,990,9
zenitfc,4M,1.9M,221.5K,1K,378,9
zeth,13M,8.5M,1.7M,2.2K,6.2K,9
zeth,12.5M,6.7M,1.3M,3K,7.7K,6
zhangxi_acupuntura,2.9M,7M,378.5K,1.5K,22.5K,9
zodiac.boyfriend,2.1M,2.7M,444.7K,5.2K,8.5K,9
zodiac.boyfriend,1.8M,1.9M,272.7K,6.8K,3.6K,6
zoecolletti,2.2M,1.8M,209.7K,3K,429,9
zowloficial,1.1M,1.4M,178.1K,1.4K,2.1K,6
zrt.foot,100.8K,2.3M,218K,1.7K,6.4K,6
zubarefff,4M,1.9M,249K,1.3K,1.6K,6
