Tiktoker name,Subscribers,Views,Likes,Comments,Shares avg.,Month
...anddy_,1.3M,827.9K,123.7K,3.5K,1.3K,12
_catben_,1.3M,810.7K,99.3K,3.8K,1.1K,11
_cjma,2.9M,2M,408.8K,5.8K,3.1K,12
_mohamed_rhal_,4M,4M,564.8K,1.7K,833,12
_mrs.grey,11M,1.4M,212.1K,784,864,12
0808sakura,10.9M,1.6M,212.5K,665,318,11
1_alkaisr_1,9.2M,1.1M,201.7K,767,817,11
1iamdesibanks,31.8K,1.4M,203.6K,534,1.5K,12
2m.elgany,3M,2.6M,406K,2.7K,2.7K,12
3dshane,654.6K,2.8M,122.9K,1.2K,1.1K,11
6ar6ie6,127.1K,1.4M,357.9K,1.5K,1.2K,11
aaaniiqqq,4.9M,3.4M,179.5K,712,432,12
abbduuu21,1.4M,2.2M,145.2K,1.3K,282,12
abbieherbert,1.7M,1.1M,139.8K,2.1K,1K,11
abi.dihati,12.8M,2M,175.7K,816,1.8K,12
abir.sag,12.5M,1.7M,172.1K,737,1.4K,11
abo.zizo,196.6K,2M,75.4K,1.9K,1.1K,12
abo_qamae,1.7M,1.2M,195.5K,1.3K,5.4K,11
abrahamdpee,1.7M,1.4M,119.1K,2.6K,434,12
abu_julia_official,1.2M,2.6M,144K,1.8K,2.8K,11
actressbecc,376.4K,4M,126.8K,922,3.3K,12
adamalhidayat,432.6K,2.5M,248.8K,1K,2.1K,11
adamcalhoun1,1.8M,2.6M,345.3K,1.5K,871,11
adamrayokay,284.2K,1.8M,205.1K,1.4K,2.1K,11
adamsheey,14.5M,2.3M,174.3K,939,841,12
addisonre,13.7M,2.7M,163.2K,1.1K,1.5K,11
adifishy,14.4M,3.6M,406K,698,301,12
adinross,14.2M,4.3M,459.1K,671,372,11
adrianbliss,4.1M,3.7M,256.4K,378,413,11
adrianozendejas32,18.9M,3.2M,236K,4.2K,1.1K,12
agnesmelo_oficial,16.6M,3.6M,292.5K,2K,1.8K,11
ailaughatmyownjokes,6M,3.5M,174.1K,843,1.3K,12
ailutokman,5.7M,3M,184.2K,665,1K,11
airrack,2.2M,2M,177.6K,1.6K,1.2K,12
ajh.10,2.1M,2M,154.8K,1K,898,11
albert_cancook,4.8M,2.2M,174.8K,1K,1.9K,11
albertinasacaca1,3.3M,2M,123.6K,1K,4.7K,11
aldomirandar,1.8M,1.1M,116.1K,560,2.7K,11
alexailacad_,3.8M,5.7M,472.2K,1.1K,1K,12
alexwaarren,3.1M,2.6M,214K,593,565,11
ali.klose11,2.5M,904.1K,117.9K,3.5K,3K,11
aliciacreti,7.2M,1.8M,216.3K,1.1K,973,12
alpergold,7.1M,3.7M,594.5K,2.4K,3.9K,11
althea420,6.7M,7.3M,1.2M,3.4K,9K,11
alwaystaketwo,17.7M,4.1M,322K,2K,3.8K,12
alwifahry,88.7M,5.3M,304.9K,2.4K,2K,12
alwuhu,88.7M,6.8M,523.2K,2.5K,3.8K,11
amauryguichon,3.4M,10.7M,291K,427,471,11
anaraquelhz,6.1M,21.1M,3.3M,17.5K,25.3K,12
anas_fikry,5.4M,16.6M,2M,10.9K,12.5K,11
anawoycick,4.1M,1.4M,187.7K,1.7K,3.3K,12
andreaaybar1995,7.6M,2.8M,444K,576,1.4K,12
andrefernm,7.6M,2M,332.7K,724,1.3K,11
andy.and.michelle,2.8M,1.4M,156.3K,334,1.9K,11
andyslife247,1.8M,1.9M,214.6K,1.2K,1K,12
angryreactions,1.6M,3M,225.1K,627,2.6K,12
animalize21,6M,3.7M,410.9K,1.1K,1K,12
anna..paull,6M,3.7M,410.9K,1.1K,1K,11
annamcnulty,2M,915.9K,123.8K,827,6.1K,12
anthonnyswagg3,4.1M,564.4K,67.6K,2.3K,12.5K,12
antonyviews,3.9M,845.5K,165.1K,1.4K,1.6K,12
antourny,2.5M,1.4M,254.4K,1.3K,3.8K,12
aprisdevita,2.2M,849.2K,186.5K,842,1.9K,11
areyoukiddingtv,3.7M,1.6M,201.9K,323,3.8K,11
arigameplays,1.3M,3.4M,418.5K,857,252,11
artbydemarcusshawn,1.3M,2.8M,75.7K,998,3.4K,11
artemmodelka,10.2M,2.5M,201.9K,702,415,12
ash.e.e,9.2M,5.3M,441.9K,3K,1.5K,11
ashkaashh,6.7M,3M,228.5K,808,396,11
ashyizzle,8.7M,1.5M,112.9K,341,2K,11
asmrblindbags21,2M,1.5M,353.6K,5.1K,1.6K,12
astarbarbers,5M,1.3M,131.7K,1.3K,2.9K,12
ateez_official_,2.5M,1.6M,191.9K,409,1K,12
atretaequedahonorarios,742.4K,1.5M,97.5K,2.5K,2.9K,12
attahalilintar,2.1M,1.1M,155.4K,1.3K,1.2K,11
augustogimenez,11.5M,2.7M,403.7K,6.5K,1.6K,12
aureliehermansyahatta,15.6M,5.2M,854.6K,1K,902,12
avascreams,15.6M,4.7M,854.5K,893,981,11
avemoves,4.3M,1.7M,105.5K,804,1.6K,12
averycyrus,2.4M,3.4M,357.5K,5.1K,2K,12
axelviewoficial,2.2M,1.8M,213.4K,2.6K,919,11
axelwebber,2.7M,1.5M,181.4K,2.1K,586,12
axxdermusic,714.9K,836.9K,204.3K,3.7K,2.9K,11
ayanakamachi,6.3M,1.8M,202.6K,1.3K,684,12
ayee_shaad,130.2K,3.5M,245.3K,4.1K,3K,12
ayesebastien,2.4M,1.1M,169K,2.4K,464,11
aymanehamedi,676.7K,1M,154.8K,3.4K,2K,12
aymanehamedi,2M,1.4M,109.7K,4.1K,2.1K,12
ayudewi070,2M,1.4M,109.7K,4.1K,2.1K,11
b.blek,3.5M,5.2M,667.4K,2.2K,1.8K,11
babybella777,10.9M,1.9M,242K,2K,1.6K,11
barstoolsports,3.8M,1.1M,184.4K,864,4.5K,11
basementgang,18.4M,16.2M,1.6M,7.8K,21.4K,12
batuffolo75,17.6M,12.4M,2M,5.8K,11.3K,11
bayashi.tiktok,1.5M,9.3M,924.3K,2.3K,3.8K,12
baylenlevine,1.2M,8.4M,490.1K,3.8K,13.3K,12
bdylanhollis,266.5K,1.7M,155.7K,461,1.4K,12
beca,10.6M,1.7M,316.7K,570,635,12
beikmusica,3.4M,1.8M,136K,428,4.2K,12
bek1as,5.7M,6.5M,576.1K,4.3K,34.3K,12
benjaminthebaker,5.4M,3.8M,331.9K,2.7K,9.8K,11
benjikrol,4.6M,3.5M,182.4K,2.3K,1.7K,12
benoit_chevalier,12.4M,2.4M,143.9K,1.1K,1.4K,12
berkcoskunofficial,12.3M,2.7M,183.6K,2.3K,2K,11
bessan_esmail,12.8M,1.3M,121K,1.7K,619,11
bestgodmode,2.6M,5.2M,526.1K,1.3K,709,12
beyonce,3.5M,3.9M,270.3K,1.3K,252,11
big.manny1,15.6M,2.1M,259.7K,586,330,12
bigsean,387.3K,888.5K,111.9K,5.7K,28.3K,12
bigtugg,387.3K,888.5K,111.9K,5.7K,28.3K,11
bilal.hd91,4.7M,1.9M,237.6K,1.1K,5.5K,12
bilalahy,209K,4.4M,390.3K,3.6K,7.8K,12
billlnai,2.8M,1.1M,245.8K,2K,13.4K,12
birisdachapada_off,6.1M,2.7M,328.5K,1K,1.8K,12
bmbsh7,5.6M,2.9M,371.2K,695,2.1K,11
bobbialthoff,622.9K,2.6M,301.2K,1.2K,1.1K,12
bobmenery,2.2M,2.5M,228.7K,1.6K,537,12
bomanizer,2M,1.9M,134.3K,1.1K,675,11
botakteras,10.7M,5.4M,469.8K,2.3K,3.6K,12
bpratamasaputraa,1.2M,1.7M,150.1K,1.1K,760,12
bradley.thor,19.4M,5.5M,143.8K,969,628,12
braxtonnncomerrr,26.7M,1.4M,236.7K,3.2K,449,11
brentrivera,12.8M,4.2M,478K,1.1K,1.1K,11
bretmanrock,5.8M,2.7M,460.4K,1.5K,326,12
briandadeyanara,5.6M,3M,602K,1.8K,590,11
britneyspears,8.1M,2.4M,240.9K,1.3K,793,11
brittbarbie3,1.8M,2.1M,368.1K,1.2K,1K,12
brittikitty,39M,4.1M,406.6K,1.8K,294,12
brodywellmaker,9.6M,2M,165.2K,587,1.1K,11
brookemonk_,10.7M,1.3M,220.5K,549,834,11
brunoliima019,2.6M,4.8M,527.4K,3K,788,12
bruontheradio,2.6M,2.4M,234K,1.1K,442,11
brycehall,2.7M,1.4M,191.7K,1.3K,1.6K,12
btswings7,13.1M,2.3M,310.7K,2.4K,2.3K,12
bu3qeel,12.7M,2.1M,203.7K,665,494,12
burberry,1.1M,1.2M,241.4K,729,1.6K,11
burnaboyofficial,5.7M,4.8M,665.7K,1.4K,385,12
c4tluvr666,5.2M,2.5M,303.3K,388,220,11
calebdigital,88.9K,1.3M,140K,1.3K,6.1K,12
calebrownn,23.6M,2.9M,415.8K,1.6K,897,12
calebwsimpson,23.6M,2.9M,415.8K,1.6K,897,11
calleypoche,5.1M,1.6M,249.6K,969,231,12
camxnie,6.4M,948.1K,158.9K,1.7K,2K,12
caocuongvu,6.3M,978.5K,154.7K,1.8K,1.7K,11
capa_in_visible,1M,2.5M,129.6K,1K,370,12
caprariu_valentino,801.1K,5.1M,299.2K,1.9K,446,11
cardncyn,6.2M,5.1M,294.4K,450,783,12
carenalegria,11.7M,4.6M,523.7K,1.8K,348,11
carloandsarah,2.3M,1.5M,168.4K,843,1K,11
carlosbelcastt,3.5M,1.9M,136.5K,528,1.2K,12
carlyncabel,4.4M,1.8M,263.7K,542,347,11
casaltoxico,2.3M,3.7M,305.3K,2.3K,563,11
cassholland,2.6M,1.7M,172.5K,726,475,11
cassmakeshome,3.6M,806.6K,243.4K,3.2K,2.3K,11
cedricgrolet,121.7K,1.7M,119.4K,4.9K,6.3K,11
cedriklorenzen,13.3M,5.2M,448K,1.9K,1.5K,12
celinaspookyboo,12.8M,2.8M,258.1K,1.3K,1K,11
cellat36,15M,5.3M,653.5K,1.3K,528,12
cesarpantoja.n,13.9M,6M,862.8K,1K,464,11
ceyda.kasabali,9.8M,5.8M,351.5K,1.9K,1K,12
championsleague,9.5M,1.7M,182.1K,667,836,11
chang._.a,8.1M,3.4M,266.6K,474,722,12
charlidamelio,42.8M,2.1M,209.8K,797,322,12
charlieputh,1.3M,1.8M,367.7K,2.7K,956,12
charlyokei,1M,1.4M,323.6K,2.3K,542,11
chedurena,17M,1.7M,393.9K,841,920,11
cheekykiddo,8.2M,3.4M,273.4K,739,658,11
chengkhen2k2,4.2M,1.8M,186K,999,5.6K,12
chilinypikinoficial,4M,1.5M,152.4K,794,4.1K,11
chinamcclain,4.4M,2.8M,384K,1.7K,1.1K,12
chinguamiga,4.4M,3.6M,771.7K,1K,399,11
chourouk.model_official,5.3M,531.9K,68.5K,1.8K,10.1K,12
chris,5.1M,1.7M,186.3K,30.9K,49.3K,11
christian,1.5M,3M,230.4K,1.1K,897,12
christinaroki,1.5M,2.2M,163.5K,837,697,11
christophersturniolo,1.7M,1.3M,196K,1.6K,760,12
chuponcitotv,14.9M,4.5M,326.4K,1.8K,558,12
cierraramirezofficial,704K,879.5K,274.4K,718,2K,11
cirowhites1.0,8.1M,2.8M,550.5K,1.9K,3K,12
claragnds,8M,5.4M,814.2K,2.2K,3.5K,11
clawmachine_mokkai,873.2K,1.3M,212.1K,1.6K,739,12
cocielo,1.2M,2.1M,68.7K,587,2.3K,11
codenamejesse,1.2M,2.1M,68.7K,587,2.3K,11
coldcutz20,1.3M,4.4M,186K,1.3K,1.2K,11
com.yamato0515,1.3M,1.3M,129.1K,833,1.9K,12
connorprice__,3.3M,3.1M,244.6K,2.2K,3.5K,12
cost_n_mayor,3.1M,4.3M,332.1K,2.5K,2.1K,11
costatitch,6.4M,4.3M,550K,1.3K,641,11
creatingwonders,1.1M,1.6M,65K,7.6K,4.8K,12
crisdevilgamer7,2.7M,3.1M,421K,2.6K,894,12
cristorata7,11M,2.6M,199.1K,646,221,12
cx_.q,2.6M,2.6M,183.6K,623,256,12
cx_.q,234K,1.6M,178.9K,5.2K,2.4K,12
dafnnejm,10.1M,1.7M,246.7K,1.2K,793,12
dagelantv,20.7M,1.5M,162K,436,1.2K,11
dandiaff,5.8M,1.6M,306.6K,947,1.7K,11
daniel.labelle,1.1M,1.4M,124.4K,1.2K,4.3K,11
danielarodrice,38.8M,10.9M,1.1M,4K,2.5K,12
danielatreco,36.3M,3.8M,434.6K,2.9K,905,11
danivallem,4.7M,1.3M,219.7K,3.5K,942,11
dannero,9.2M,6.4M,1.3M,6.3K,39.5K,11
dannygrubs,27.5M,2.3M,237.2K,1.4K,635,12
dansurtiktok,26.8M,2.1M,254.2K,1.9K,947,11
dante_caro,278.4K,713.6K,122.2K,728,9.3K,11
danythegaggio,243.6K,1.7M,201.4K,1.2K,2.9K,11
datdo0803,1M,5.5M,813.5K,3K,3.4K,12
datvilla94,786.4K,2.5M,372.4K,2.3K,1.4K,12
davidcstt_,92.6M,6M,482.2K,4.8K,1.5K,12
daviddobrik,5.2M,3.6M,271K,1K,460,12
davidgetial,866.4K,1.4M,240.3K,502,1.1K,11
davidvoinson,32.9M,1.4M,206K,2.5K,318,12
davidyrodriguez,32.5M,1.4M,199.6K,1.8K,470,11
deborahyowa,10.1M,1.5M,133.9K,1.9K,637,11
decorsnippets,121.5K,2.9M,269.3K,906,1.3K,12
dedaaladim,3.5M,2.4M,83.6K,762,1.8K,11
dede.omat,12.1M,2.3M,137.8K,1.9K,1.2K,12
dennismik,11.7M,1.8M,108K,1.4K,806,11
dermdoctor,2.1M,4.1M,570.6K,595,583,11
deshawnharrisss,4.3M,2.1M,496.5K,7K,3.5K,11
devincaherly,897.4K,1.5M,206.7K,1.1K,1.3K,11
devincaherly,9.2M,10.3M,909.6K,2.5K,1.3K,12
dgdxofficial,738.8K,4.1M,766.6K,2.7K,3.6K,11
dictionarei,2.3M,1.1M,163.9K,1.4K,2.4K,12
diegodiego_,2.1M,1M,275.7K,1.7K,3K,11
dilanjaniyar,3M,1.1M,124.6K,1.7K,760,11
dilanjaniyar_2,4.2M,3.2M,497.7K,2.2K,3.1K,12
dimelonegritow,3.8M,897.2K,213.6K,1.2K,1.8K,11
dinosonso_ofc,8.8M,3.8M,996.6K,1.8K,1.3K,11
dixiedamelio,685.9K,2.1M,150.6K,2.6K,331,12
djaysonkaravane,2.3M,1.2M,170.3K,1.3K,1.3K,12
dobretwins,2.3M,1.2M,170.3K,1.3K,1.3K,11
doctormiguelpadilla,9.8M,1.2M,192.4K,1.4K,869,12
domelipa,1.9M,1.5M,239.4K,250,1.7K,12
douhalaribiii,5.1M,2.5M,330.3K,4.8K,1.9K,11
dovecameron,3.5M,2.9M,207.4K,477,1.1K,11
dr.cracks,4.8M,1.1M,109.3K,706,5.6K,11
drewafualo,1.9M,1.9M,381.1K,2.3K,5.4K,12
drglaucomflecken,1.6M,1.1M,220.5K,1.1K,2.3K,11
druskitv,1.7M,1.6M,195K,673,1.7K,12
dudamaryah,4M,2.4M,162.8K,1.2K,269,12
dudeperfect,3.8M,5.1M,406.4K,2.3K,500,11
duyyy.real.channel,6.8M,1.4M,310.5K,1.9K,343,12
dylan.page,37.2M,1.4M,173.3K,2K,806,12
dylanmulvaney,375.1K,1M,82.1K,2.8K,4.8K,11
e_l_k_s_a_7_a,646.8K,1.7M,186.1K,2.1K,2.5K,12
edakok59,7.3M,1.7M,121.5K,1.6K,922,12
ediqueixinho,6.4M,1.1M,121K,1.8K,1.7K,11
edithxgalvez,2.5M,2.4M,147.8K,1.6K,3.3K,12
edwinmendozza,3.3M,1.4M,228.9K,931,112,11
ehbeefamily,45.8M,4.6M,557.4K,2.3K,1.2K,12
elbernas321,45.5M,2.1M,306.8K,2.7K,382,11
elbitalamanabita5,14.6M,2.3M,504.4K,1.4K,2.2K,11
eldiegobonilla,35M,1.7M,276.1K,649,311,11
elledarlington,4.8M,1.5M,209.7K,684,2.5K,12
elpugaa,7.3M,5.9M,317.4K,15.3K,22.2K,11
elqaq,2.2M,1.9M,126.4K,2.4K,817,11
elrodcontreras,15M,2.4M,326.7K,1.3K,1K,12
elysemyers,14.7M,2.3M,346.9K,1K,926,11
emillyvickof,21.7M,2.7M,461.4K,1.8K,4.2K,11
emilymariko,26.3M,8.2M,852K,3.5K,2.2K,12
emirabdulgani,25M,3.9M,392.5K,1.3K,759,11
emrata,7.5M,2.3M,239.5K,447,937,12
engfa32,7.4M,2.1M,235.9K,507,923,11
erabii,4.4M,2.9M,428.9K,364,319,11
ericdamier,740.5K,1.5M,195.7K,321,2.4K,12
erictro,7.2M,4.9M,485.5K,987,486,12
erikconover,2.1M,1.3M,250.9K,1.5K,3.1K,12
esnyrrr,23M,2.3M,270.8K,456,406,12
esperandolacarrozaok,23M,2.3M,270.8K,456,406,11
eupereiraoficial,4.8M,1.6M,520.3K,3K,10.5K,11
evgeniy_moskalev,1.2M,4.1M,217.2K,3.9K,5.3K,12
evtushenko_dima,1.1M,3.3M,137.3K,2.5K,2.4K,11
fabstarden,361.6K,880.1K,50.4K,971,12.2K,12
faiqfreestyle,2.2M,2.6M,190.7K,812,797,11
farahjmerhi,2.8M,1.6M,184.1K,1.6K,1.5K,12
farhanrn__,2.6M,1.4M,191.7K,1.4K,1.3K,11
faryanggaa,1.9M,1.4M,203.7K,1.6K,1.3K,12
fatmasariz,2.8M,1.8M,440.2K,1K,1.2K,11
fayneee,613.9K,4.3M,991.3K,6.8K,8.9K,11
fcbarcelona,5.7M,4.4M,527K,1.7K,3.8K,11
fedevigevani,6.5M,4.5M,449.9K,1K,1.7K,12
fedez,5.6M,3.2M,303.8K,653,651,11
feliciatannnn,5.9M,1.5M,225.1K,977,748,12
felipenpv,5.9M,2.4M,221.3K,721,559,11
ferchugimenez,381.8K,1.6M,179.5K,805,2.5K,12
ferxxo444,17.2M,1.3M,182.5K,1.2K,905,12
fhd.artz,29.6M,4.1M,417.9K,1.2K,520,12
firmanskd,4.8M,844K,120.7K,994,4K,12
firstnamechris,3.7M,1.5M,288.9K,649,634,11
flossybaby,7.7M,2M,166.5K,2.2K,7.7K,12
foilarmsandhog,4M,2.3M,232.6K,720,403,11
francoescamillaofficial,1.2M,1.5M,326.6K,1.2K,1.3K,11
frankielapenna,4M,2.3M,157.9K,1.2K,499,12
fredziownik_art,3M,4.3M,230.2K,1.8K,2K,11
fresajapomex,792.5K,1.1M,257.4K,1.2K,516,12
fujiiian,4.9M,4M,589.2K,682,383,12
gabimfmoura,4.5M,5M,599.2K,998,587,11
gabrielabee,3M,2.1M,139.7K,2.4K,1.1K,12
gabsmasr,2.9M,1.9M,154.8K,1.8K,1.1K,11
garett__nolan,4.2M,2.6M,324.8K,1.1K,2K,11
gehadhassann,2.3M,1.3M,170.5K,620,982,11
gehadhassann,5.1M,2.4M,238.5K,752,169,11
gehu.gl,13.5M,3.8M,368.1K,856,295,12
gemeosdomingues,6.5M,1.2M,196.5K,1K,3.3K,11
georainbolt,10.1M,1.7M,379K,1.1K,938,12
germangarmendia,2M,1.6M,270K,890,345,11
gilmhercroes,719K,2M,268.2K,22.6K,5.5K,11
girlwithedogs,2M,3.2M,362.1K,1.8K,1.3K,12
glutastory,3.8M,3M,231.5K,983,4.4K,12
good.boy.ollie,3.2M,9.3M,797.6K,2.2K,6.7K,12
gordeewa__13,2.5M,6.9M,599.3K,2.2K,5.5K,11
gordonramsayofficial,3.2M,1.3M,180K,3.6K,8.4K,12
goulamofficiel,3.2M,2M,229.7K,3.2K,5.1K,11
graciajessicajane,26.5M,2.8M,178.9K,628,870,12
graciajessicajane,26.4M,1.7M,209K,1.4K,1K,11
grannybibbins,8.6M,1.9M,97.2K,2.4K,1.7K,12
gugafoods,8.6M,1.9M,106K,3.4K,1.1K,11
guipolemicoo,10.5M,2.1M,123.6K,2.9K,1.1K,12
gurrms0630,4.4M,19.8M,3.6M,23.3K,24.2K,12
gustta_shoow,15.2M,3.5M,391.5K,1.2K,266,12
gusyterequijas,14.5M,1.8M,247.7K,616,257,11
gutierrezcastro,1.2M,2.1M,176.4K,424,738,11
hadeel.alali,20.3M,2.8M,474K,1.9K,2K,12
hafizmahamad,18.3M,3.7M,488.1K,1.7K,1.6K,11
haileesteinfeld,22.6M,1.2M,286.2K,1.6K,509,11
haileybieber,149M,7.8M,789.9K,6.9K,3K,12
haimtheband,148.4M,8.6M,641.9K,9.7K,2.5K,11
halinhofficial,20.7M,2.2M,285.2K,2.2K,1.1K,11
hashem.alghaili,4.5M,1.9M,242.2K,665,562,11
hayleythebignoodle,7.5M,1.2M,102.4K,822,2.2K,11
helen_christie,11M,3.8M,475.2K,1.8K,1.2K,12
hermanhadibasuki,4.5M,2.5M,259K,743,408,11
herranwalt,4.7M,1.8M,217.6K,1.7K,2.4K,12
hesfinatia,4M,2.5M,218.4K,630,837,12
hf37777,3.9M,2.3M,280.4K,648,754,11
hiagodosvideos,2.1M,917.7K,181K,796,1.8K,12
hilda_70,335.7K,912K,116.2K,1.6K,3.1K,12
hisoyvaleria,8.6M,4.5M,230K,536,759,12
homm9k,4.9M,1.1M,209.4K,2K,579,12
honeybobabear,4.1M,3.6M,184.7K,518,1.4K,11
hotspanishmx,16.4M,3.1M,783.6K,2.1K,2K,11
huddy,20.7M,4.2M,566.2K,1.5K,393,12
hussein56t,20.5M,3M,399.5K,1.1K,384,11
hyoga.x,1.6M,2.3M,186.3K,630,507,12
i_am_doshik1,6M,4M,207.4K,760,1.5K,12
iamdikeh,5.7M,3.3M,173.5K,626,2.6K,11
iamdtg,9.3M,2.3M,333.1K,816,441,12
iamferv,8.6M,4.7M,682.3K,1.7K,851,11
iamsungstarwin,9.5M,1.6M,189.9K,2.2K,160,12
ibarrechejavier,136.2K,2.4M,353.8K,3.6K,4.6K,12
ibarrechejavier,11K,1.2M,153.9K,770,8.7K,12
iben_ma,4.7M,1.9M,252.6K,3.2K,16.5K,11
igorjansen,3.1M,1.4M,188.6K,1.4K,268,12
iheartmemphis,1.7M,2.2M,336.4K,3.9K,3K,12
iimaya1,2.8M,2.3M,315.9K,797,309,11
ilizas,4M,1.5M,243.4K,2.8K,1.4K,12
im_rawan0,3.8M,3.4M,593K,3.5K,2K,11
imatheusguedes,4.9M,2.3M,113.8K,287,4.1K,11
imdimpey,1.3M,2.4M,520.8K,998,921,11
imeyhou,132.5K,1.7M,416.1K,1.2K,1.7K,12
incorrectlyroce,14.5K,866.2K,243.3K,1.8K,1.8K,12
iniganta,2.5M,1.2M,242.6K,529,1.1K,12
initiaraandini,2.5M,1.6M,304.4K,604,1.9K,11
inpersa16,19.7M,1.6M,171.7K,1.2K,578,12
insertrichie,19.2M,1.7M,202.3K,1.9K,981,11
ireniusx,2.8M,3.2M,446.1K,2.6K,1.1K,12
irinimeza06,267.4K,5.3M,111.1K,705,1.4K,11
isaac.h.p.karaoke.backup,5.2M,3.2M,451.2K,2.8K,7.2K,11
isaach.p,3.2M,1.4M,249.4K,1.4K,1.4K,11
isaias,740.6K,1.3M,155.5K,1.4K,15.3K,12
ishtaher,1.4M,4.4M,100.3K,494,424,12
islasvlogs_,1.3M,4.9M,104K,451,658,11
ismab4c,1.6M,952.8K,182.9K,1.5K,1K,12
ismaellemais,1.9M,1.3M,158.7K,3.6K,1.3K,12
isramy,1.9M,1.3M,158.7K,3.6K,1.3K,11
its.michhh,7M,8M,2.2M,12.7K,19.3K,12
itsasiaelaine,3.7M,2M,240.8K,1.2K,811,12
itsjaylaaw,3.2M,5.9M,627.8K,2.9K,2.4K,11
itsjojosiwa,14.5M,1.9M,193.5K,10K,429,12
itskingchris,2.8M,9.4M,565.4K,1.7K,1.2K,12
itsmatheuscosta,499.5K,1.8M,206.8K,1.3K,238,12
itsmenicksmithy,5.2M,1.3M,201.2K,718,644,11
itsmenicksmithy2,947.1K,4.3M,305.6K,634,3.4K,11
itspuffpuff,1.8M,1.3M,262.6K,2.3K,1.6K,12
itsqcp,12.2M,554.8K,86.7K,1.2K,7.9K,12
itssassagurl,12M,636.4K,84.1K,1.1K,7.1K,11
itzyofficial,5.1M,3.1M,195.9K,1.2K,264,12
iury.ofc,5.1M,2.4M,227.9K,820,155,11
ivanaalawi,14.9M,1.6M,141.7K,1.2K,580,12
ivanantoniochacon,1.6M,1.8M,146.6K,958,1.6K,12
jackjos3ph,1.4M,1.8M,180.5K,925,1.3K,11
jackktierney,608.8K,2M,116.8K,3.3K,3.8K,12
jacobday,3.7M,1.7M,121.4K,1.1K,826,11
jacobwitzling,3.7M,1.7M,121.4K,1.1K,826,11
jacobwitzling,66.3M,3.2M,205.1K,1.7K,681,12
jacopoaquila_,1.2M,1.7M,281.6K,1.4K,465,12
jadethirlwall,5M,2.6M,520.1K,812,473,12
jaimefrench,4.4M,2.5M,468.7K,1.3K,565,11
jaimeonod,147.9K,791.7K,64.1K,1.4K,6.1K,11
jairitosolano,407.1K,3.4M,452K,654,154,12
jairsanchezzz,1.3M,4.1M,311K,444,406,11
jakeandrich,1.5M,3.1M,283.2K,400,267,12
jakeceja,55K,935.1K,62.7K,1.3K,8K,12
jakekrantz,28.4M,18.6M,1.8M,7.5K,19K,12
jakepaul,27.9M,11.8M,1.7M,6.9K,29.3K,11
jamal.jamael,11.2M,2.2M,384.4K,724,372,12
jamarcus,11.1M,1.7M,262.2K,562,475,11
jamescharles,1.5M,2M,370.8K,984,5.8K,11
jamesllewis,1.6M,1.3M,250.8K,769,1.2K,12
jamroz_,5.4M,1.1M,79.5K,589,12.1K,12
janinalchair,5.3M,1.1M,86K,438,9.4K,11
jannatmirza,8.5M,6M,812.3K,6.7K,6K,12
janneksplace,7.5M,3M,265.9K,1.6K,1.4K,11
japanfriends,4M,2.7M,314K,654,364,12
jashlem,3.7M,2.3M,243.9K,841,517,11
jasminechiswell,5.9M,5.7M,219.7K,13.8K,543,11
jasonderulo,1.8M,2.3M,202.1K,310,1.9K,11
jauncydev,3.5M,2.4M,290.7K,1.6K,5.6K,12
jawarshere,3.5M,2.3M,283.5K,1.5K,5.6K,11
jaxwritessongs,2.1M,2.4M,114.1K,899,2.8K,12
jaykindafunny8,911K,2.3M,254.1K,1.3K,2.3K,12
jayrscottyy,7.7M,3.2M,298.2K,1.1K,437,12
jaywheeler,7.7M,3.6M,398.2K,1.4K,619,11
jdiasss_,7.3M,1.7M,200.7K,6.6K,3.8K,12
jdpantoja,7.2M,1.9M,158.9K,5.6K,2.5K,11
jejenvalda,6.2M,3M,514K,1.7K,1.2K,12
jelena.unforgetable,5.9M,3.1M,493.8K,1.4K,1.6K,11
jemimajune_,26.4M,3M,423.7K,884,1.9K,12
jennialarcon_,26.3M,7.4M,1.2M,3.2K,2K,11
jennyhan,15.1M,1.7M,185.3K,1.2K,178,11
jennylek,1M,726.2K,150.7K,679,2.5K,11
jeremyhutchins,8.3M,1.8M,352.8K,1.7K,771,12
jericktriana,8.3M,1.5M,261.4K,1.2K,582,11
jerofreixas,7.7M,1.4M,272.4K,2K,2.1K,12
jessechrisss,2.4M,2.2M,145.4K,623,930,12
jesusangelperezoficial,4.5M,1.4M,130.8K,1.7K,573,12
jesusnalgas,16.8M,3.2M,108.4K,1.2K,797,12
jezzzini,16.2M,3.3M,170.1K,985,793,11
jhothsa,976.9K,1.3M,131.3K,696,2.3K,12
jiembasands,954.7K,1.9M,118.6K,1K,1.2K,11
jimena.jimenezr,1.8M,2.4M,531.1K,3.8K,3.4K,11
jimenibby,278.4K,1.3M,92.2K,2.7K,3.6K,11
jimmydarts,6.3M,534.7K,77.6K,976,9.8K,12
jindaouis,1.1M,1.4M,178.5K,824,1.2K,12
jjeverettrose,327.9K,842.8K,147.2K,736,2.9K,12
jmartineze_,5.5M,4.1M,212.2K,736,1.1K,11
joaoferdnan,3.8M,4.2M,217.6K,1.6K,832,12
joe.bartolozzi,17.4M,4M,164.2K,623,507,12
joerauth_,17.3M,4.8M,221.2K,711,941,11
johnnysins,2.1M,1.1M,190.9K,1.4K,4.2K,12
jomaryee,2.1M,1.1M,190.9K,1.4K,4.2K,11
jombospice,9M,2.1M,218.4K,727,191,11
jonata_26,9M,2.1M,218.4K,727,191,11
jonatan.clay,156.3K,5.8M,279.1K,1.7K,21.8K,11
jooj,2.9M,2.5M,313.9K,1.1K,364,11
jordanavucetic,8.3M,1.3M,208.9K,2.5K,2.5K,11
jordanbardella,2.2M,4.1M,393.6K,1.8K,1.2K,12
jordy2d,2.1M,3M,263.6K,1.9K,445,11
joshhelfgott,2.7M,2.1M,229.9K,1.5K,688,12
joshpeck,2.6M,2.6M,328.9K,1.3K,468,11
joshrichards,1.5M,2M,249.4K,723,2.1K,11
joshtgodfrey,3.9M,3.8M,196.1K,1.6K,821,12
joslum,4.2M,2.7M,168.6K,653,991,12
juandamc,8.8M,2.5M,194.1K,4.4K,5.9K,12
juanpazurita,8.8M,2.5M,194.1K,4.4K,5.9K,11
jubiandxian,4.3M,2.9M,369.9K,1.5K,1.3K,12
juhmazzocco,57.5M,4.7M,356.6K,2.1K,923,12
juicy_ankles,57.5M,3M,101.3K,1.3K,361,11
juixxe,1.5M,1.7M,84.6K,156,4.7K,12
julesleblanc,1.2M,1.3M,133.5K,675,1.7K,11
juliano,37.1M,2.8M,227.5K,1.2K,406,12
julieevlorentzen,36.6M,4.4M,425.4K,1.8K,764,11
julisavioli,4.1M,4.7M,759.1K,2.2K,2.3K,12
jumpersjump,6.5M,991.4K,157.4K,1.9K,2.2K,12
junpei.zaki,6.4M,1M,181.3K,1.4K,1K,11
just.hamilton,62M,5.8M,779.9K,5.3K,2.5K,12
justingrimes_,60.5M,9.1M,1.2M,6K,2.7K,11
justmaiko,387.7K,1.1M,148K,1.2K,4.1K,12
jvke,9.7M,2.6M,237.8K,1.5K,533,12
jypestraykids,9.3M,6.3M,405.7K,2.6K,1.1K,11
k0uvr,12.4M,1.5M,200.2K,1.6K,502,12
kaliuchis,12.3M,1.8M,338.2K,1.4K,712,11
kallmekris,5.7M,2.4M,107K,866,3.4K,11
karenbarreraoficial,7.8M,1.7M,261.7K,3.1K,391,12
karna.val,7.8M,1.2M,215.6K,1.7K,434,11
karolsevillaokay,2M,762.1K,110.1K,1.5K,3.9K,11
katclark86,7.6M,10.1M,53.6K,778,546,12
katiavlogss,3.8M,2.8M,533.6K,4K,10.4K,12
katiessigmond,3.8M,2.8M,533.6K,4K,10.4K,11
katstickler,6.8M,2.4M,435.5K,1.5K,1.3K,12
kaykai_ntch,6.4M,1.8M,325.6K,1.1K,1.6K,11
kaylamalecc,17.2M,4.7M,544.8K,396,531,11
kblock43,4.4M,2.9M,560.1K,2.7K,4.2K,12
keeganevansphoto,5.3M,1.2M,186.9K,5.8K,1.2K,12
keemokazi,1.6M,902.2K,130.3K,5.4K,929,12
kehlani,5.6M,2.8M,214.6K,839,532,12
keirariff,5.4M,2.5M,254.5K,1K,339,11
keniaos,4.9M,1.9M,278K,4.2K,2.7K,12
kervo.dolo,4.5M,2.8M,403.8K,4.1K,2.8K,11
kessel_nathan_official,9.7M,4.7M,920.4K,10.4K,1.4K,12
kfc_es,8.9M,5.3M,874.2K,14.6K,2.4K,11
kfulgar,7.5M,2.2M,245.4K,2.4K,1.9K,12
khaby.lame,7.5M,2.2M,245.4K,2.4K,1.9K,11
kikakiim,1.4M,2.2M,137.6K,2.4K,612,12
kikiandkilo,4.5M,1.9M,104.6K,512,1.7K,11
kikysaputrii,5.7M,6.8M,284.8K,1.7K,958,12
kimberly.loaiza,4.3M,1.7M,185.2K,754,488,12
kimkardashian,4.3M,1.7M,185.2K,754,488,11
kodasteven,6.2M,2.8M,171.7K,431,651,12
kopke613,5.8M,2.7M,275.3K,504,511,11
krisjenner,15.3M,2.7M,363.3K,405,256,12
krissiti911,15.3M,2.6M,324.4K,787,239,11
kukombo,2.9M,2.5M,231.3K,530,916,12
kulinaria.recetas,11.8M,1.5M,284.5K,1.5K,476,12
kurtisconner,11.8M,1.5M,284.5K,1.5K,476,11
kyliejenner,8.6M,2.9M,215.9K,930,398,12
l_galy,142.8K,1.7M,280.4K,3.6K,5.9K,12
la.maraaa,2.5M,1.1M,121.7K,471,15.4K,12
laactea,2.4M,1M,86.2K,217,10.5K,11
lacha21.1,1.5M,2.6M,418.7K,1.6K,4.8K,11
lachama4_ff,2.9M,1.7M,175.8K,449,1K,12
lachlanfairbairn,2.7M,5.6M,261.6K,709,1.3K,11
ladydianka,1.3M,2M,352.2K,1.5K,3.2K,12
lagranjadelborrego,12.7M,7.2M,783.6K,3.1K,3.2K,12
laladulol,2.5M,7.5M,1.9M,20.8K,15.5K,12
lana_mohd89,1.1M,1.2M,162K,885,1K,11
lance210,10.3M,6.7M,680.1K,2.3K,6.9K,12
lancealexander,10.1M,3.7M,334.7K,608,4.3K,11
landonbarkerr,2.9M,1.8M,171.9K,773,749,11
lapizinncrack,42.2M,2.3M,269.7K,1.2K,232,12
larissa_kimberlly_,41.8M,1.8M,217.3K,1.5K,316,11
larissagloor,1.5M,2.4M,219.9K,684,9.3K,12
larrywheels,5.7M,1.1M,141.5K,1.6K,841,11
lasateuch,5M,3.9M,403.3K,869,920,12
lauralove5514,13.9M,11.5M,570.2K,6.7K,2.1K,12
laurasalazar_s,13.1M,4.9M,383K,2.5K,1K,11
leal_stephany,4M,2M,324.4K,390,894,12
leanadeeb,12.2M,2.5M,199.9K,497,249,11
leanbeefpatty,22.7M,2.3M,230.2K,486,317,11
leannafirestone,3.5M,1.4M,119K,5K,802,12
lee.cuong,2.1M,3.4M,323K,867,1.6K,12
leen_mohd98,2.1M,3.5M,329.3K,1.2K,2K,11
lehvideira,4.2M,1.7M,233.1K,1.7K,577,11
leleburnier,13.3M,5.7M,1.7M,35K,25.3K,12
lelepons,9M,2.7M,252.9K,1.2K,918,12
leonardberducat,2M,1.3M,155.1K,1.4K,1K,12
letskwoowk,1.9M,1.2M,132.9K,1.5K,2K,11
levraimotif,1.8M,2.4M,181.2K,805,199,12
lewiscapaldi,1.3M,6.1M,72.8K,202,741,11
lexibrookerivera,4.9M,3.6M,397.5K,560,1.5K,12
lexychaplin,4.8M,4.2M,417.5K,605,503,11
lgndfrvr,524.1K,2.3M,153.9K,1.5K,1.7K,11
libardoisaza,6M,1.6M,253.2K,734,1.1K,12
lifeofadoctor,6M,5.1M,813.8K,2K,3.7K,12
liiza.baez,5.8M,4.4M,756.2K,1.8K,1.9K,11
liiza.baez,230.4K,1.1M,98.9K,482,5.1K,11
lilireinhart,2.4M,2.3M,222.7K,390,392,12
lilmabu,8M,3.4M,385.9K,1.6K,1.7K,11
lilnasx,872.3K,1.2M,56.4K,416,7.4K,11
lilpump,7.8M,2.6M,136.2K,11.8K,3K,11
lilyxgarcia,1.2M,736.2K,185.5K,1K,2.5K,12
lisefalfio,1.6M,1.5M,157.2K,411,1.5K,12
livvy,66K,692.8K,111.3K,2.9K,3.5K,12
lizzza,66K,692.8K,111.3K,2.9K,3.5K,11
lkzinhu,9.2M,12.7M,1.7M,7.6K,4.4K,12
llkeyllll,8.8M,3.3M,437.7K,1.2K,759,12
locofer5,1.8M,1.9M,345K,1.3K,574,12
logfive,1.1M,2.2M,234.9K,1K,1.3K,11
lokiandthetesseract,13.2M,3.7M,522.6K,4.8K,4.4K,12
lordtrunks,4M,2.6M,125.2K,283,1.9K,11
los_chicaneros,2.5M,1.1M,182.5K,2.7K,840,12
losadnmx,5.9M,2.4M,331.8K,1.5K,1.1K,12
louka__m,5.4M,2.4M,343.6K,1.1K,591,11
lourdasprec,3.7M,1.4M,96.8K,346,2.8K,12
lpshkaa,6.1M,3.5M,470.5K,2.3K,1.2K,12
lu.s.cas,5.6M,1.6M,257.4K,1.1K,642,11
lucaslopezvilet,1.4M,1.9M,49.6K,515,6.4K,12
lucasvarelaaaa,27.6K,2.8M,149.4K,530,3.6K,12
lukas.urkijo,1.7M,2.7M,203K,554,286,11
luvadepedreiro,3.1M,2.4M,193.1K,2.3K,599,12
lyodrabeneran,3M,2.3M,165K,2.1K,1.2K,11
macdi_off,21.1M,1.5M,200.4K,1K,688,11
mackenziesol,1.2M,4.6M,250K,1K,1.1K,12
mackenzieziegler,956.9K,2.1M,136.8K,404,1.9K,12
maddybreteche,15.4M,2.2M,284K,2.5K,491,12
madeleinecwhite,15M,3.4M,232.9K,2.3K,541,11
madelineargy,5.9M,2.6M,381K,1.5K,2.6K,12
madisonbeer,5.9M,1.8M,225.3K,1.6K,1.8K,11
madonna,3.4M,2.4M,203.1K,1.5K,247,12
madsbaileybabe,3.8M,1.6M,159.8K,1.2K,154,11
magicphotofilm,5M,2M,361K,2.5K,1.8K,12
maherzainfanforever,4.3M,1.5M,263.4K,1.4K,1.3K,11
maiaknight,8.2M,4.7M,825.8K,1K,1.2K,12
majofutbol,8.1M,3.1M,552.5K,879,1K,11
makeupartistgorda66,7.3M,3.3M,349.3K,733,3.3K,12
maluborgesm,5.5M,3.6M,715.7K,2.9K,6.6K,12
mamalindy,4.6M,3.3M,522.7K,2.6K,4.8K,11
mamene_lorenzo,2.4M,2.5M,164.5K,1.1K,1.9K,12
mamontellato,2.3M,4.3M,320.9K,4.6K,3.5K,11
mandrake1984real,1.1M,2.7M,306.4K,1K,78,12
manhtienkhoi_,2.7M,1.7M,287.9K,1.4K,1.3K,12
marcelldegen,404.3K,665.9K,82K,1.1K,13.9K,12
marianagrimaldii,3.1M,2.2M,174.6K,632,12.3K,12
mariolcalderon,3M,3M,287.9K,891,10.8K,11
marisol.viola,1.4M,1.6M,239.9K,1.2K,461,12
markoterzo,1M,1.5M,264.1K,1.2K,339,11
marsaimartin,1.8M,1.1M,245.1K,830,750,12
marshelwidianto,4.2M,2.1M,362.4K,1.4K,1.4K,11
martita_de_grana,627.4K,1.3M,152.9K,523,1.2K,11
mas_nizar,5.6M,1.4M,194.4K,1.2K,2.3K,12
masood_boomgaard,18.3M,3.1M,372.2K,498,2.3K,12
mateuspesce,17.5M,2.1M,250.9K,481,1.8K,11
matt_and_abby,5.7M,6.8M,227.9K,1.2K,1.8K,12
matt_rife,5.4M,9M,694.4K,2.1K,6.9K,11
matt_rife,12.9M,6.7M,300.2K,1.6K,340,12
mattiastanga,12.6M,3.6M,194K,1.4K,504,11
mattsturniolo,16.8M,2.8M,287.4K,358,265,11
max_balegde,8.7M,3.1M,155.5K,1.1K,305,12
mayte421,4.4M,1.2M,222.5K,887,825,12
maytree_music,4.9M,3.3M,238.8K,725,204,12
mbossotz,16.9M,2.6M,237K,800,597,12
mclomaofficiall,16.6M,3M,274K,809,763,11
mdmotivator,754.8K,5.7M,790.2K,4.1K,1.7K,12
meghantrainor,8.7M,2M,275.2K,557,1.1K,11
melfouad,10M,1M,238.4K,2.1K,485,12
melmaia,10M,854K,220.8K,1.9K,921,11
mexicocookingclub,3.7M,2.2M,119.8K,1.1K,435,11
miakhalifa,228.7K,1.9M,156.3K,1.7K,820,12
micaraht,13.4M,2.7M,351.3K,2.9K,5.2K,12
michou_yt,13.4M,2.7M,351.3K,2.9K,5.2K,11
mieayamthebstt,7.9M,1.3M,149.2K,831,1.3K,11
miguelito_peru,7.9M,1.3M,149.2K,831,1.3K,11
migueltanfelix98,573.3K,2M,129K,1.9K,16.5K,12
mijangggg,455.2K,1M,73.5K,867,7.6K,11
mikaylahau,19.4M,3.8M,340.6K,396,290,12
miladmirg,2.2M,2M,188.7K,8.6K,4.5K,11
mimiermakeup,2.5M,2.4M,315.1K,775,1.1K,12
mimiyouu,1.4M,1.2M,124.9K,1.4K,966,11
minami.0819,18.8M,1.9M,327.7K,1.5K,522,11
mispastelitos_,3.9M,2.3M,380.1K,960,698,12
missionaryjack,35.2M,2.8M,162.4K,896,1.6K,11
mmaizalazar,825.3K,2.3M,150.9K,247,1.3K,12
mmmjoemele,6.5M,977.6K,106K,695,6.8K,12
mndiaye_97,1M,1M,171.6K,983,1.3K,12
mohaimen.alaa,5.8M,707.4K,159.4K,1.1K,2.4K,11
mohm.nabeel,1.3M,1.2M,177K,665,1K,11
mollymaehague,5.2M,2.2M,398.1K,2.6K,5.5K,12
mondeenise,5M,1.2M,254.4K,1.4K,2.9K,11
montpantoja,13.8M,2.3M,254.7K,751,172,12
moontellthat,13.8M,4.9M,278.6K,2.4K,524,11
moosenyc2,35.6M,4.6M,388.2K,2.3K,613,12
morganveraa,34.7M,6.2M,561.4K,1.7K,1.2K,11
morimura,336.2K,717.6K,73.1K,2.4K,5.7K,11
mqquintos,11.6M,4.9M,510.4K,1.9K,806,12
mrbeast,11.6M,5.6M,690K,2K,1.4K,11
mrcaqui,11.6M,5.6M,690K,2K,1.4K,11
mrnigelng,6M,1.5M,218.2K,1.4K,2.3K,12
muanglk,944.8K,1.5M,162.2K,1.7K,24.6K,12
murphslife,636.4K,980.2K,197.3K,874,5.5K,11
mymint.nara,5M,3M,195.4K,2.5K,1.7K,12
n.vv3,7.1M,3.4M,269K,1.3K,180,12
nada_m7amed,1.8M,1.9M,248.8K,548,493,11
nadbilqis,149.6K,3M,653.9K,3.2K,11.4K,12
naenano,8.5M,1.7M,194.1K,707,2.4K,11
naimdarrechi,7.5M,2.7M,464K,1.8K,1.4K,11
namemnjtv12,3.6M,1.3M,169.1K,1.2K,443,11
namyulenka,2.7M,2.8M,393.3K,864,1.3K,11
nandaarsyinta,14.6M,1.9M,216.5K,520,1.3K,11
nashvibes,19.2M,2.5M,69.5K,626,3.3K,12
natajadeh,5M,3.1M,275.6K,641,636,12
nathaliavalente,3.3M,3.1M,106.9K,806,726,12
nathalieholscher14,3.2M,3.9M,138.6K,896,1.3K,11
nathanmccarron0,1.2M,2.3M,201.3K,5.3K,4.5K,11
nayibbukele,3.6M,1.6M,273.9K,7K,2.2K,12
nazormaya,3.3M,1.6M,404.9K,6.9K,2.6K,11
ndshvv,10.5M,3.3M,398.5K,1.5K,972,12
ne_4_,10.3M,2.2M,242.8K,708,445,11
nekoglai,336.4K,1.3M,205.1K,820,774,11
nellarose,2.9M,3M,302.9K,1.8K,431,11
nelyrall,319.8K,1.5M,162.1K,1.3K,2.8K,11
nessaabarrett,84.6K,2.8M,145.9K,10.8K,12.8K,11
newt,587.8K,2.2M,150.2K,861,424,12
neymarjr,1.2M,3M,514.9K,792,665,11
ngoc.matcha,2.9M,1.4M,66.8K,1.7K,3.1K,11
nhuchuu0909,6M,1.9M,262.4K,2K,2.3K,12
nia.ramadhani.bakrie,5.9M,2.8M,363.4K,4.3K,6.8K,11
niallhoran,9.6M,4.1M,361.3K,819,264,12
nianaguerrero,9.3M,3.8M,399.6K,1K,262,11
nick.digiovanni,801.5K,1.3M,85.2K,4.3K,80.4K,12
nickandcarrie,643.7K,1.3M,38.4K,6.2K,71K,11
nickiminaj,2.1M,2.4M,409K,1.7K,3.1K,11
nicocaponecomedy,1M,5.2M,104.8K,1.1K,909,12
nicolegarcia,1.4M,1.1M,124.4K,5.5K,532,11
nicollefigueroaa,9.9M,3.9M,454.1K,1.6K,2.3K,12
nikitadragun,9.1M,3.2M,443.2K,1.3K,2.5K,11
nilered,13.2M,2.9M,250.2K,1.4K,807,12
nina,46.4M,1.7M,165.8K,1.2K,557,12
ninabaiocchi,46.1M,2M,210.9K,1.2K,298,11
ninogashi,8.8M,2M,305.9K,551,109,11
nisculas,11.9M,11.2M,1M,6.1K,5.9K,12
nisriinejr,8.2M,19.2M,1.7M,7.4K,9.5K,11
niziu_official,32.2M,2.1M,264K,2.7K,1.3K,11
njr11njr,5.5M,1.6M,172.6K,437,1.1K,12
nmixx_official,460.7K,3.3M,180.8K,745,631,11
nnatalieaguilar,614.6K,1.5M,225.1K,778,1.1K,12
noamusic_official,552K,1M,121.9K,1.9K,727,11
noeldeyzel_bodybuilder,46.6K,952.7K,226.3K,1.1K,2.8K,12
noelgoescrazy,20.9M,1.9M,205.7K,1K,438,12
noguidnce,20.7M,1.9M,181.1K,1.6K,894,11
nonnapiaa,3.1M,1.1M,147.2K,739,1.8K,12
notconor18new,4.9M,1.9M,248.7K,2.4K,1.1K,11
notorious_foodie,2.7M,1.6M,182.6K,1.5K,4.5K,11
nottclay,32.9M,8.6M,1.3M,7.7K,4.5K,11
nottheworstcleaner,2.7M,2.6M,397.3K,339,273,11
nourmar5,8.2M,1.3M,165.5K,1K,866,11
oafonsopadilha,8.2M,1.3M,165.5K,1K,866,11
odakei_6,10M,1.6M,114.7K,3.4K,326,12
oddanimalspecimens,9.2M,2.7M,207.5K,3.2K,280,11
official_gidle,468.8K,2.3M,85.5K,997,1K,12
oironyoliveira,12.1M,1.5M,291.4K,722,466,11
oldtimehawkey,13.7M,3M,190.2K,1.4K,348,11
oli_natu,1.7M,2.9M,158.6K,2K,2.6K,11
olisboa,2.5M,1.9M,168.7K,1.2K,445,12
olivertree,402.8K,1.8M,271.5K,503,801,12
omahi.tiktok,1.3M,1.2M,103.2K,354,3.8K,11
ongsquad,94K,6.4M,1.2M,4.2K,37.5K,12
onwardwanna,3.1M,2.9M,168.8K,2.2K,681,12
oscar_mezar,2.5M,1.9M,143.7K,2.5K,360,11
osmancengel,4.9M,1.7M,125K,1.5K,6.6K,12
otakoyakisoba,2M,1.3M,193.9K,587,1.9K,11
outtpig,8.3M,879.4K,182.2K,1.2K,3.3K,11
ox_zung,5M,4.8M,802.4K,2.7K,658,12
ozikoy,4.6M,6M,690.1K,2.5K,708,11
pablitocastilloo,339.6K,1.3M,224.3K,742,2.1K,12
padillamarilis,3.6M,1.6M,212.6K,684,971,12
padillamarilis,9.2M,2.4M,385.7K,779,634,12
paigetaylor.s,9M,2.6M,418.4K,851,990,11
pakoyaso_,1.2M,1.7M,280K,792,321,12
pamiathat,1.7M,2.3M,195.5K,3K,1.6K,12
papa.groot,1.2M,909.3K,117K,2.1K,1.1K,11
paralympics,5.2M,2.5M,267.2K,1.4K,730,11
paytonking,2.3M,3.9M,295K,1.6K,1.1K,12
pedroarcafra,2.2M,1.9M,134K,994,356,11
pepperonimuffin,4.4M,2.7M,217.8K,767,2.4K,11
pete_pamana,6.9M,1.8M,262.6K,817,371,12
peter_vigilante,6.5M,2.1M,381.2K,960,1K,11
phamvinh99,1.7M,3.5M,269.7K,780,410,11
philipdefranco,226.2K,1.8M,288.6K,1.1K,581,12
pierson,2M,1M,225.5K,6.4K,9.4K,12
pietro_morello,1.9M,870K,156.7K,3.8K,5.3K,11
pivet.workout,3.5M,970.1K,162.6K,7.3K,1.4K,12
piyanutella,3.4M,3.1M,445.9K,4.4K,2.1K,11
pkllipe,8M,1.7M,269.2K,2.8K,1.4K,12
pluutao,11.5M,1.8M,266.7K,1.8K,2.2K,11
pokmindset,4.3M,6.2M,233.2K,918,362,12
policiaperu,4.2M,1.5M,270.8K,582,608,11
pongamoslo_a_prueba,2.8M,4.1M,445.1K,740,638,12
porojin,2.8M,2.4M,381.7K,509,289,11
postmalone,1.1M,2.3M,343.8K,801,342,11
poudi,1M,1.1M,92.3K,948,2.5K,11
priimoraa,3.8M,2.2M,314.4K,1.5K,1.6K,12
prokop_02,2.6M,4.5M,745.8K,3.3K,4.9K,11
pumatheweirdo,6M,2M,148.8K,483,1.1K,12
qamar_altaey,33.7M,2M,275.6K,933,198,12
qamar_altaey,33.3M,3.6M,432.9K,1.4K,250,11
qpark,2.4M,5.8M,113.9K,709,169,12
queenofontario,176.8K,1.1M,125.5K,3.3K,8.3K,11
quenblackwell,994.5K,3.1M,383K,2.4K,5.6K,12
quincybytheway,6.7M,2.4M,247.6K,729,626,12
rafaellabd,3.1M,1.3M,233K,2.2K,945,12
rafaelsantos,2.9M,3.3M,553.5K,4.7K,1.4K,11
rah_money1,44.2M,2.7M,202.7K,915,207,12
ramonvitor,44.2M,2.7M,202.7K,915,207,11
raonyp,18.3M,2.1M,386.3K,2.6K,1.3K,12
raredoodle,17.9M,3.7M,703.4K,4.3K,2.7K,11
ratuauliaa22,5.1M,1.7M,219.2K,1.7K,1.9K,11
rauwalejandro,8.2M,2.6M,243.7K,1.8K,4.4K,11
rayanfahmi,13.6M,1.5M,179.1K,757,789,12
rayssabuq,13.6M,1.7M,179.2K,713,782,11
readyfredi,13.2M,2.2M,249.4K,856,530,12
realmadrid,1.6M,1.5M,203.8K,1.6K,308,12
realrobyn,4M,1.4M,80.4K,1.4K,16.3K,11
recider,11.3M,2.2M,321.1K,809,637,11
reemandbarbary,7.1M,1.6M,221.9K,1.1K,888,12
regitamasri,7M,4.1M,698.4K,3K,3.2K,11
renpc_,20M,4.8M,301.2K,1.2K,601,12
retomiguel,10M,1.2M,199.4K,1.7K,829,11
rg4_ticus,3.3M,4.1M,250.3K,865,2K,11
riaricis,8.6M,5.9M,606.5K,2K,956,12
rickylemon99,8.6M,5.9M,606.5K,2K,956,11
rinklebinkle,7.6M,1.1M,272.1K,950,635,11
riumbau,1.6M,902.7K,224.7K,3.2K,2.9K,12
rl.carbona,3.6M,1.8M,334.3K,4K,1.3K,12
robegrill,3.4M,1.7M,258.6K,3.1K,3.9K,12
robertirwin,3.4M,2M,273.9K,2K,3.9K,11
robleisiutu,28.7K,2M,458.2K,1.6K,1.6K,11
rodrigodabcasale,5M,2.3M,476K,2.7K,1.1K,12
rondamichael,6.5M,2.5M,476.2K,3.5K,1.1K,12
rosalia,6.3M,2.7M,515.4K,4.5K,2.2K,11
rrqr7tatsumaki,1.1M,1.9M,114.4K,1.2K,690,11
rubentuestaok,1.1M,1.9M,114.4K,1.2K,690,11
rucenuenda1,2.2M,1.5M,148.7K,1.2K,1.8K,11
rug,1.8M,3.5M,134.6K,1.2K,193,12
ryanhdlombard,2M,2M,243.4K,2.4K,646,12
sabbyandsophia,2M,1.2M,208.9K,2.3K,1.1K,11
sabrenorris,857.4K,1.8M,249.5K,957,3K,12
sabrinacarpenter,17.3M,1.7M,227.7K,740,387,12
samanthayve,485.4K,1.8M,366.4K,2.7K,4K,11
samirasphobia,1.9M,2.7M,365.5K,3.7K,3.3K,11
samkelly322,2.3M,4.4M,306.3K,674,983,12
sammy_dao222,1.9M,4.9M,330.7K,589,737,11
sankeuur,8M,2.1M,349.8K,2K,6.7K,12
santiperezvivas,7.4M,1.8M,280.7K,1.5K,5.2K,11
sapphie_the_pomsky,10.3K,832.5K,149.4K,1.1K,3.1K,12
sapzuu,15M,1.6M,154.2K,1.5K,1.7K,11
sara.wais,6.3M,1.9M,208.1K,734,436,11
saraisthreads,387.5K,3M,560.7K,3.8K,14.2K,12
saramohannad_,3.7M,3.4M,270.3K,2K,2K,12
sashaanddiana,2.5M,1.1M,187.2K,687,4.2K,12
sebasc0423,2.4M,2.1M,341.5K,1K,3.8K,11
sebasgal11,16.9M,4.3M,240.9K,3.1K,880,11
sebasmorenooo,825.5K,1.8M,214.8K,748,1.4K,12
secret_akk,2.8M,1.4M,135.5K,753,1.2K,11
sehataqua,2.1M,6.1M,301.3K,423,3.1K,11
sejsejlija,37.6M,1.9M,178.4K,1.2K,290,12
selenagomez,37.5M,3.3M,317K,1.7K,1.1K,11
ser_jay,4.1M,4.9M,446.2K,424,640,12
seungbin030708,5.8M,2.3M,187K,1.2K,1.1K,11
shabiraalulaadnan,1.2M,810.1K,137.8K,1.9K,3.7K,11
shakira,20.4M,2.3M,278K,405,189,11
shamichef21,21.3M,1.7M,166.2K,1.8K,415,12
shaturday,20.7M,1.3M,134.2K,1.5K,371,11
shaughnaphillips,2M,2.7M,334.2K,5.4K,1.6K,12
shawnjohnson,1.9M,11.6M,1.5M,8.8K,11.4K,11
shayvise,2.5M,2.2M,246.9K,427,1.1K,12
shehabeldin100,2.1M,2.3M,288.6K,463,1.1K,11
sherinicolee,26.8M,1.8M,310.8K,729,422,12
shinohara_kenta,26.8M,1.8M,310.8K,729,422,11
shxtsngigs,16.2M,2.3M,264.4K,551,106,11
sibenitoo,56.1M,3.4M,225.5K,561,15.8K,11
sibenitoo,2.3M,921.5K,165.1K,763,2.4K,11
sidequestz,852K,2.5M,325K,863,401,11
siganviendo59,12.9M,3.3M,433.4K,4.6K,876,12
sijad_qasim,12.4M,3.7M,671.3K,7.6K,2.6K,11
simxmargo,2.4M,4.2M,488.6K,2.1K,11.4K,12
siscakohl,2.1M,2.8M,183.3K,670,865,12
skaijackson,25M,8.4M,582.8K,2.1K,2.2K,12
slaterkodish,24.5M,2.2M,126K,636,1.9K,11
sluy.guy,8.8M,1.3M,171.8K,601,9.8K,12
snerixx,3.1M,924K,226.8K,1.9K,2.2K,12
snoopdogg,2.9M,968.2K,107.4K,741,3K,11
sobrevivente13,6.1M,4.2M,725.7K,1.7K,1.9K,11
sofiaespanha,8.2M,1.7M,382.3K,1.8K,1.2K,12
soimah_pancawati,8.1M,6.8M,1.4M,5K,3.4K,11
soimah_pancawati,31.9M,2.5M,451.1K,3.3K,784,12
sommerray,31.4M,4.6M,732.2K,4.3K,906,11
songdoohee_444,2M,3.9M,496.8K,526,1K,12
sonrixs_,246.4K,925K,118.3K,1.6K,4.2K,12
sonyakisa8,3.9M,2.2M,240.7K,711,187,11
soupytime,183.1K,6.2M,434.5K,1.6K,418,11
soy_marcela4,569.3K,4.5M,510.1K,856,894,11
soysaucer,4M,1.9M,368K,978,536,12
soysuco,3.7M,2.6M,452.3K,1.3K,1K,11
spencer_serafica,4.6M,2.3M,131.7K,1.1K,926,12
spriteder_spd,2M,3.1M,561.2K,2.7K,2.9K,11
ssmaaaryy,755.9K,1.1M,326.1K,901,802,11
ssukasuka12,10.3M,1.2M,166.7K,2.1K,211,11
steve.lacy,3M,2.1M,118.3K,419,1.6K,11
steveioe,1.8M,1.1M,138.8K,809,2K,11
steven.stenlyy,3.6M,3M,665.5K,1.7K,865,11
stickyboy69,6.8M,2.7M,338.6K,1.3K,686,12
strangehuman,6.9M,4.1M,379.5K,2.2K,536,12
sturniolo.triplets,3.7M,1.7M,209.6K,353,2.2K,11
sucss.s,3.9M,3.4M,325.9K,4.3K,6.3K,12
suillaud,3.6M,1.7M,244.3K,3.2K,4.2K,11
sunnyjutt1296,2.8M,862.4K,177.2K,913,2.8K,11
supremepatty_,14M,1.4M,227.2K,1.5K,2.5K,11
surthycooks,4.9M,3.4M,247.4K,207,264,12
surya.manurung,4.8M,1.5M,245.3K,1.1K,3.2K,11
susymourizz,25.7M,2.3M,353.5K,900,1K,12
sweizayne,25.2M,7.2M,816K,1.4K,1.9K,11
syifahadjuuuuuuu,1.6M,2.3M,404.6K,2K,693,11
syifahadjuuuuuuu,9.8M,4.3M,607.7K,2.9K,894,12
tabithaswatosh,9.1M,1.6M,266.8K,1.2K,319,11
taliyaandgustavo,2.2M,1.1M,133.8K,832,2.1K,12
tanboykun_asli,2.5M,2M,254.2K,733,862,12
tarcisioxx_,2.4M,3.5M,551.5K,2.6K,2K,11
tariqjamilofcl,4.3M,2.3M,375.1K,1.6K,1.5K,12
tatizaqui,4.2M,2.3M,367.7K,1.4K,1.5K,11
taylorfrankiepaul,1.5M,5.8M,288.9K,813,1.2K,12
taylorrandsoph,15.4M,1.5M,118.9K,1.8K,417,12
taylorswift,23.7M,1.8M,235K,651,314,12
tctekk,23.4M,1.9M,298K,905,810,11
terryreloaded,3.3M,3.4M,352.9K,2.8K,1.7K,12
tessa_dgen,8.8M,2.3M,274.6K,4.1K,6.9K,12
thaisslinares,8.4M,1.2M,173.4K,2.2K,3.7K,11
thallyssonsb,21M,1.8M,301.6K,1.9K,492,12
the.sign.guy,20.5M,2.4M,395.6K,2.8K,725,11
thebenjishow,11.6M,1.7M,242.6K,499,554,12
thebentist,6.2M,1.4M,217.1K,610,947,12
thebentist,5.8M,1.6M,268.5K,609,1K,11
thebrandonrobert,4.4M,2.5M,319.6K,1.3K,1.2K,12
thecordlefamily,7.9M,1.5M,207.2K,1.5K,735,11
thecoreyb,296.6K,1.6M,181.5K,476,8.3K,12
thehealchef,3.2M,992.3K,115.2K,3.1K,1.3K,12
thehypehouse,9.2M,1.8M,211K,653,1.1K,11
thejoeyswoll,9.8M,5.6M,648.9K,1.6K,554,12
thekidke_,9.4M,1.5M,191.9K,1.9K,553,11
thekidke_,6.9M,2.4M,354K,663,1.6K,12
thelondoncharles,6.4M,3M,453K,689,1.6K,11
themolyajan,2.9M,6.7M,1.1M,6.2K,3.6K,11
theonlycb3,15.2M,4.3M,275.3K,1.8K,2.2K,12
theovon,12M,2.2M,241.5K,517,641,11
therealhammytv,3.2M,1.5M,288.7K,1.2K,320,12
therock,3M,1.7M,390.3K,3.2K,606,11
thewick,292.2K,1.7M,178.9K,4.6K,3.2K,11
thezachchoi,3.3M,1.6M,196.7K,314,884,11
thiagomelob_,4.5M,1.3M,40.8K,519,11.9K,12
thongsoaicavip,1.6M,1.4M,72.2K,327,5.9K,12
thoriqhal,2.3M,3.8M,149.1K,2.4K,518,12
tifannylm,5.1M,989.5K,208.6K,2.1K,1.8K,11
tiger050794,7.8M,2.9M,369.7K,627,1.3K,11
tiktokmena,25.7M,1.9M,248K,778,403,11
timmy2cans,1.1M,3.7M,464.6K,3.9K,4.7K,12
tina_042,785.3K,1.7M,178.8K,2.9K,3.5K,11
tirullipa,13.9M,1.6M,297.3K,795,385,11
tommyinnit,1.6M,2.4M,290.4K,1.1K,3.5K,12
tonylopez,3.6M,2M,325.6K,1.6K,2.2K,12
tonystatovci,19.7M,8.1M,2M,5.2K,5.2K,12
tooturnttony,19.1M,9.2M,2.2M,11.1K,9.3K,11
traviesotiktok,13.3M,1.8M,240.8K,399,691,11
trevorwallace,6.4M,2.8M,486.9K,1.1K,1.1K,12
tritanttv,6.1M,2.6M,380.2K,1.2K,1.2K,11
tuckerbudzyn,8.1M,1.7M,251.1K,434,719,11
tuckercomedy,2.4M,1.2M,268.7K,864,876,11
tuckot,3.2M,1.7M,227K,759,330,11
twice_tiktok_official,701.5K,2.4M,254.6K,671,1.3K,12
twistedpennywise,18.9M,1.5M,214.9K,1.1K,259,12
txt.bighitent,18.9M,2.4M,561K,1K,186,11
u.ueung,13.5M,3M,377.1K,2.4K,1.6K,12
ufc,11.4M,2.8M,322.7K,772,574,12
ufozero2,10.9M,2.1M,199.1K,833,495,11
ugolord,13.5M,2M,259.1K,367,581,12
ugolord,4.2M,4.8M,634.8K,2K,547,12
ujoaozinho,3.7M,2.4M,340K,623,355,11
unkabogableviceganda,6.8M,2.3M,266.6K,1.2K,707,11
unlabeled_,8.4M,3.7M,351.9K,2.2K,1.6K,12
unnecessaryinventions,8.1M,1.8M,208.5K,616,508,11
upinipin.official,15.2M,924.9K,73K,14.3K,87,12
ustazebitlew,14.3M,835.1K,62.8K,12.2K,83,11
vadik_dikiy,3.1M,1.3M,260.6K,939,2.6K,11
valenrewah,43.5K,1.9M,76.1K,1.6K,9K,12
vanbanger,36K,1.3M,181.5K,1.1K,1.1K,11
vanessalopesr,52.3M,5.2M,550.4K,639,469,11
venomlive85,9.2M,2.7M,171.8K,1.8K,847,12
vhackerr,9.9M,2.7M,517.8K,2.8K,2.7K,12
vibin.wit.tay,8.7M,6M,1M,2.2K,1.5K,11
victormelo,14.7M,2.3M,607.1K,7K,3.7K,11
vidhia_r,2M,996.7K,200.8K,880,2.3K,12
vietphuongthoa98,14M,4.3M,616.5K,954,1.4K,12
vilmeijuga,13.8M,4.3M,667.3K,1.1K,1.1K,11
virginiafonseca,5M,3.3M,159.9K,1.5K,4K,12
viviindrawatyy,12.4M,3.2M,435.9K,1.1K,786,12
waguinhov,2.3M,843.8K,240.4K,1.3K,531,11
wigofellas,47.6M,3.6M,715.5K,3.8K,2.1K,12
willdevane,47.1M,2.4M,292.3K,2.6K,1.3K,11
williamlast_krm,11.7M,1.9M,362.8K,2.8K,415,12
williesalim,3.2M,4.6M,685.4K,2K,6.3K,12
winnermaxyt,5.2M,1.7M,96.7K,1.3K,1.2K,12
wissensbert,512.1K,1.5M,202.7K,2.3K,619,12
wren.eleanor,17.1M,2.7M,249.9K,978,503,12
wuesilva,1.8M,18.7M,914.1K,2.7K,5.7K,12
www.luluca,16.7M,2.7M,329K,360,1.1K,12
xibibrothers,16.3M,3.5M,335.6K,484,724,11
xxlechuga,2.1M,1.4M,121K,3.7K,2.4K,12
yano4kaa.aaa,1.9M,1.4M,190K,2.2K,1.2K,12
yaraandomarr,414.8K,953.6K,75.4K,2.5K,3.3K,12
yasincengiz38,24.8M,2M,196.4K,3.1K,2K,12
yass_ootd,24.5M,2.9M,283.5K,3.2K,2.2K,11
yazidzohri,42.4M,23.7M,3.4M,21.7K,25.7K,12
ybsbrodie,26.2M,1.5M,223.2K,913,298,12
yerimuaa,26.2M,2.6M,243.1K,1.1K,499,11
yogabukanhyuga,3.4M,1.5M,253.7K,1.2K,139,12
yosoyapple,3.1M,2.6M,392.4K,1.2K,161,11
yossikramer,1.9M,3.3M,375.7K,1.4K,1K,12
youngswagonoriginal,15.1M,4.8M,552.9K,571,872,12
yourmommadontdance,14.8M,2.7M,340.6K,385,142,11
yucholoco,7M,2.3M,330.6K,967,863,12
yurielkysojeda,6.9M,1.8M,207.5K,716,188,11
z4_pucho,2.8M,1.9M,255.5K,11.4K,1.4K,12
zachjustice,9.4M,3M,339.4K,736,456,11
zachking,8M,2.1M,254.1K,876,155,12
zackbarbour,8M,2.1M,254.1K,876,155,11
zainah.mb,9.7M,1.9M,297.7K,1.8K,155,12
zdotss,9.3M,3.4M,429.6K,3K,249,11
zeinabharake,1.8M,3.2M,342.3K,762,2.9K,11
zeinazeee,1.2M,2.5M,372.9K,1.2K,1K,11
zeth,31.8M,3.3M,306.2K,1K,322,12
zodiac.boyfriend,31.2M,3.3M,350.1K,1.2K,313,11
,4.1M,2.2M,320.5K,1.9K,1.5K,12
,4M,1.3M,259K,1.1K,744,11
,5.6M,1.4M,250.3K,502,764,12
,5.4M,2.4M,521.4K,832,813,11
,602.1K,6M,161.7K,534,1.1K,12
,7M,1.8M,313.9K,2.2K,2.6K,12
,16.6M,3.2M,515K,3.3K,2K,12
,16M,1.7M,319.5K,2.3K,1K,11
,1.3M,1.3M,263.9K,1.9K,2.1K,12
,10.5M,3.1M,515.7K,3.1K,5.7K,12
,10.4M,1.7M,344.5K,1.5K,3.6K,11
,9.1M,2.6M,169.6K,758,3.6K,12
,8.9M,1.6M,166.3K,1K,3.4K,11
,5.3M,1.7M,274.1K,558,7.7K,12
,3.9M,1.4M,166.5K,2.6K,2.6K,11
,3.6M,1.5M,284.6K,1.3K,1.1K,11
,153.1M,10.6M,1.2M,20.8K,2.3K,12
,152M,15M,1.8M,6.5K,3.2K,11
,2.3M,1.9M,182.7K,1.4K,1.7K,12
,2.3M,5.9M,708.8K,2.2K,1.2K,12
,33.3M,1.7M,187.6K,1.2K,384,12
,32.8M,2.2M,208.5K,846,514,11
,1.8M,762.3K,96.7K,724,5.1K,11
,1.8M,3.5M,177.8K,626,638,11
,70.2M,7.7M,883.3K,8.8K,3.9K,12
,69.3M,7.7M,868K,6.2K,1.9K,11
,5M,1.7M,144.3K,1.2K,936,11
,27.7M,2.1M,316.5K,673,1.9K,12
,916.7K,1.7M,180.8K,481,2.2K,12
,8.4M,2.8M,110.9K,488,885,12
,6.2M,1.7M,328.1K,1.5K,468,11
,4M,1.2M,149.4K,2.1K,3.4K,11
,1.4M,972.1K,198.5K,999,1.4K,12
,293.1K,1.4M,277.1K,3.1K,1.4K,12
,3.5M,1.6M,237.7K,2.2K,1.5K,11
,3.2M,3.9M,310.5K,582,342,11
,7.8M,2M,203.7K,528,864,12
,90K,1.1M,194.5K,339,4.7K,12
,6.3M,1.9M,114.8K,362,1.7K,12
,4.8M,11.4M,888.1K,3K,1.2K,12
,4.8M,2.7M,622.2K,1.7K,533,11
,4.5M,2.2M,299.6K,281,8.6K,12
,4.2M,2.2M,249.5K,340,2.1K,11
,123K,2.3M,207K,4.6K,20.8K,12
,8.5M,2.6M,258K,1.1K,499,12
,2M,1.9M,689.7K,7K,3.9K,11
,50.4M,7.5M,793.1K,2.8K,1.6K,12
,49.1M,14.5M,2.5M,5.5K,3.4K,11
,1.4M,1.2M,145.4K,819,2K,11
,7.7M,1.2M,214K,1.2K,122,11
,561.3K,1.1M,142.6K,886,2K,12
,13.4M,3M,567.4K,2.1K,2.2K,12
,1.4M,1M,177.7K,1.1K,1.4K,11
,669.4K,750.3K,118.3K,655,3K,11
,10.1M,3.6M,500.6K,1.3K,436,11
,1.1M,2.3M,425.2K,2.5K,4.2K,11
,9.2M,1.2M,144.7K,1.3K,899,12
,9.2M,1.2M,144.7K,1.3K,899,11
,1.6M,1.1M,161.2K,1.1K,1.5K,12
,14.2M,2.1M,324.6K,718,237,12
,13.2M,5.2M,744.8K,1.4K,627,11
,2.6M,1.2M,146K,843,2K,11
,1.5M,2.4M,207.2K,1.5K,264,12
,6.2M,2M,138K,2.1K,2.5K,12
,6M,2.2M,174.2K,2.8K,1.9K,11
,22.7M,4.2M,420K,1.8K,4.3K,12
,22.6M,4.4M,398.9K,1.3K,5.5K,11
,1.3M,1.1M,180.1K,1.6K,455,11
,4.4M,2.4M,365.2K,1.2K,438,12
,4.3M,3.2M,397.8K,1.4K,368,11
,308.7K,2.3M,183.3K,563,262,11
,17.6M,1.8M,207.7K,1.2K,663,11
,4.2M,3.6M,418.7K,2.4K,1.4K,12
,3.8M,2.2M,424.7K,1.9K,886,11
,2.1M,3M,305.6K,1.1K,1.9K,11
,951.2K,991.4K,218.1K,1.4K,527,11
,5.5M,1.3M,130.7K,330,3.1K,12
,7.8M,1.9M,315.3K,1.4K,417,12
,7.8M,1.7M,314.1K,1K,738,11
,1.8M,1.7M,318.7K,1.3K,4.4K,11
,6.3M,1.7M,167.6K,785,737,12
,13.6M,1.9M,376.1K,452,1.9K,11
,11.6M,1.8M,270.6K,587,724,12
,11.3M,1.7M,241.3K,700,410,11
,6.2M,1.5M,223.3K,1.2K,537,11
,691.6K,1.7M,277.2K,1.9K,4K,11
,4.1M,7.5M,513.3K,4.4K,1.3K,12
,1.2M,3.9M,151.3K,1.9K,1.5K,12
,1.1M,2.5M,127.6K,856,459,11
,4M,2.4M,150.4K,2K,1.7K,11
,17.6M,2M,143.3K,952,472,12
,8.5M,581.6K,99.5K,2.8K,6.2K,12
,8.3M,534.7K,55K,5.7K,7.3K,11
,3.6M,1.5M,175.6K,1.6K,7.5K,12
,2.7M,1.8M,424.3K,3.3K,777,12
,2.6M,1.1M,236.9K,1.7K,472,11
,28.6M,4.4M,639.5K,1.2K,1.1K,11
,355.1K,2.4M,157K,1.3K,835,11
,1.7M,1.2M,121.7K,2K,9.8K,12
,3.3M,1.5M,175.7K,4K,597,12
,3.1M,2M,223.1K,1.6K,461,11
,376.8K,2.1M,391.3K,571,313,11
,4.2M,1.7M,199.3K,1.1K,1.5K,12
,4M,2.8M,311.1K,2.3K,8.9K,11
,768.6K,5.8M,329.1K,700,176,12
,24.8M,11.3M,1.5M,5.6K,2.4K,12
,24.4M,6.3M,993.4K,4.5K,1.6K,11
,9.6M,1.7M,230.6K,399,717,12
,3.3M,1.6M,263.7K,1.1K,418,11
,17.4M,2.5M,417.8K,1.3K,2.4K,11
,3.6M,1.6M,273.1K,562,1.6K,12
,1.5M,1.5M,136.6K,697,1.3K,12
,20M,4M,455.1K,1K,350,12
,20M,3.9M,631.8K,1K,308,11
,3.5M,1.3M,135.3K,1.5K,1.4K,11
,7.7M,1.1M,215.6K,1.2K,551,11
,7.7M,1.1M,215.6K,1.2K,551,11
,4.5M,2.3M,201.1K,565,452,12
,5.6M,4.2M,602.9K,1.8K,3.3K,12
,5M,4.8M,920.9K,2.9K,6.4K,11
,1.6M,1.4M,211.1K,1.3K,420,11
,29.1M,2.6M,371.1K,2.2K,1.5K,12
,28.8M,2.8M,432.1K,1.6K,1.8K,11
,4.4M,2.7M,306.7K,3K,1.5K,11
,13.6M,1.8M,308.4K,582,711,12
,13M,2.1M,356.7K,609,371,11
,4.6M,3.7M,311.7K,1.8K,1.4K,12
,5.9M,2.6M,294.9K,2.9K,1.6K,12
,1.4M,1.5M,231.9K,614,978,12
,2M,2.3M,217.3K,847,3.4K,12
,1.6M,2.1M,160.7K,596,3.4K,11
,6.5M,4.9M,550.8K,4.6K,2.1K,12
,6.2M,2.5M,312.3K,2K,1.1K,11
,30.3M,1.6M,357.8K,783,733,12
,30.3M,2.3M,337.1K,1.3K,801,11
,18M,2.4M,337.7K,937,889,11
,2.1M,3.6M,238.8K,5.6K,1.6K,11
,1.2M,1.4M,260.1K,1.5K,1.7K,11
,2.8M,2M,195.2K,1.4K,2.6K,12
,2.7M,1.6M,243.3K,1.1K,2K,11
,427K,4.6M,1M,5.8K,15.4K,11
,806K,4.3M,249.1K,560,270,12
,4.9M,1.6M,195.7K,947,1.1K,12
,4.5M,2.1M,240.4K,1.5K,1.4K,11
,6.2M,2M,245.3K,2.7K,248,12
,5.2M,2.3M,235.4K,1.5K,3.4K,12
,4.9M,2.8M,324K,1.3K,4.5K,11
,5.3M,2.3M,120.9K,692,772,12
,6.8M,1.9M,163K,396,2K,11
,1.6M,1.8M,261K,637,3.7K,12
,2.7M,1.1M,190.1K,1.3K,1.1K,11
,10.6M,3.9M,672.9K,5.3K,5K,11
,2.5M,1.7M,155.9K,825,760,11
,62.2K,2.2M,229.2K,1.2K,2.1K,12
,3M,3M,291.6K,968,188,11
,2.7M,1.5M,198.9K,993,2.1K,11
,3M,1.6M,264K,436,3K,11
,593.3K,1.4M,211.2K,1.5K,3.6K,12
,12.7M,7M,555.6K,648,1.4K,12
,2M,2M,422K,3.4K,1.3K,12
,1.8M,3.8M,384.3K,3.6K,1.4K,11
,22.1M,14.4M,1.1M,4.4K,1.9K,12
,20.6M,8.5M,1M,3.7K,2.4K,11
,2.5M,4.3M,558.1K,1.9K,1.2K,12
,2.2M,2.1M,286.6K,1.2K,2.7K,11
,769.9K,1.5M,125.4K,1.3K,507,11
,12.2M,2.2M,160.3K,432,3K,11
,22.4M,4.4M,694.3K,700,369,12
,22.3M,2.6M,210.6K,570,248,11
,159.5K,1.6M,135.6K,1.3K,798,11
,3M,2.2M,316K,388,162,11
,3.3M,3.2M,574.8K,976,463,12
,3M,2.5M,454.1K,933,468,11
,18.1M,2.9M,492.3K,2.9K,2.3K,11
,3M,3.1M,71.5K,4.2K,2.1K,11
,6M,1.6M,300.3K,898,344,11
,187.7K,1.9M,127.7K,499,2.6K,11
,2M,3.2M,409K,5.1K,31.3K,11
,8.8M,2.7M,485.7K,700,301,12
,8.8M,5.4M,807.1K,1.2K,1.3K,11
,244K,3.4M,336K,455,373,11
,860.3K,4.3M,812.8K,556,2.8K,12
,5M,1.8M,179.2K,1.6K,552,11
,3.7M,1.2M,214.2K,3.3K,775,12
,3.4M,1.1M,192.6K,3.6K,1K,11
,14M,3.3M,243.8K,1.1K,880,12
,12.3M,2.7M,178.8K,787,709,11
,1.7M,1.2M,162.9K,5.8K,622,12
,1.5M,1.3M,169.4K,575,1.1K,11
,1.8M,1.1M,126.8K,1.5K,9.6K,12
,5.3M,840.7K,198.2K,1K,1.1K,11
,1.6M,2.1M,250.4K,1.1K,5.2K,12
,1.5M,1.9M,236.5K,892,6.1K,11
,5.3M,2.1M,170.1K,2.5K,1.1K,12
,5.1M,1.9M,194.2K,2.1K,714,11
,1.3M,1.8M,218K,2.1K,2K,12
,303.1K,1.5M,374.5K,3.3K,1.7K,12
,4.1M,2M,151.6K,1.5K,247,12
,4M,2.2M,179.4K,2.1K,310,11
,2.3M,1.3M,218.7K,784,2.1K,12
,3.8M,4.5M,414K,636,2.2K,12
,2.8M,3.3M,449.8K,709,1.9K,11
,5.4M,3.7M,144.5K,1.2K,1.3K,12
,2.3M,731.2K,169.9K,2.6K,9.9K,12
,2.2M,483.2K,108.4K,3K,6.1K,11
,1.5M,2.4M,411.2K,3K,7.3K,12
,1.5M,2.5M,428.3K,6.7K,11.2K,11
,11.2M,2.3M,275.3K,3.4K,4.6K,12
,2.8M,8.7M,1M,2.3K,727,11
,12M,4M,305.7K,1.4K,1.4K,12
,712.3K,2.1M,343.7K,754,239,12
,3.8M,1.4M,371.8K,1.5K,814,11
,2.5M,2.9M,222.9K,2.6K,969,11
,704.2K,1.6M,78.7K,939,7.7K,11
,7.2M,1.8M,254.6K,1.2K,343,12
,6.7M,3.4M,450.1K,2.9K,728,11
,680.4K,1.2M,68.9K,855,11.2K,11
,7.6M,1.4M,172K,1.2K,2.8K,12
,7.2M,2.2M,257.2K,2.5K,4.5K,11
,11.2M,3.7M,236.2K,5.8K,523,12
,8.7M,2.9M,260.1K,600,383,12
,4.7M,3M,382.9K,520,1.1K,11
,2.9M,1.2M,163.8K,3.4K,3.6K,12
,6.1M,8.5M,1.6M,5.6K,16.1K,12
,3.9M,4.7M,700.8K,3.2K,7.3K,11
,3.9M,4.7M,700.8K,3.2K,7.3K,11
,2.7M,15M,151.3K,656,213,12
,2.8M,1.4M,223.1K,1.2K,5.4K,11
,3.6M,1.5M,235.9K,2.6K,893,11
,2.5M,849.5K,58.7K,278,9K,12
,2.8M,1.1M,216.6K,1.3K,1.1K,11
,9.4M,3.2M,440.8K,2K,1.6K,12
,5.3M,1.2M,178.7K,504,1.5K,12
,155.2K,1.4M,100.9K,1.1K,2.8K,11
,11.3M,2.6M,214.9K,1.6K,1K,11
,549K,1.6M,113.8K,2.5K,2.8K,11
,6M,6.7M,1M,2.2K,1.2K,12
,5.4M,6.8M,1.2M,3.7K,1.7K,11
,3.9M,2.2M,175.5K,713,336,12
,11.3M,4.9M,834.2K,2.7K,1.2K,12
,11.1M,2.6M,388.3K,1.2K,382,11
,3.2M,2.4M,125.9K,1.6K,6.2K,12
,16.1M,3.8M,272.3K,1.2K,477,12
,13.6M,6.1M,905.1K,1.7K,936,11
,1.5M,1.3M,176.8K,1.1K,768,12
,1.7M,1.3M,88.7K,1.9K,3.8K,12
,1.5M,1.9M,126.7K,1.8K,6.4K,11
,14M,4.8M,476.6K,1.2K,1.1K,12
,12.6M,1.7M,196.9K,635,429,11
,486.9K,3.2M,550.7K,947,1.7K,12
,1.5M,4.2M,864.8K,6.8K,3.2K,12
,11.7M,2.3M,131.1K,407,1.7K,12
,11.5M,1.7M,239.9K,1.1K,916,11
,36.6M,3.9M,227.2K,4.9K,1.4K,12
,36M,2.3M,145.3K,892,315,11
,334.5K,1.5M,314.8K,407,690,11
,7.8M,1.5M,210.2K,1.5K,171,12
,7.7M,4M,415.4K,2.4K,568,11
,17M,3.1M,339.9K,2.6K,1.8K,12
,16.7M,2.8M,278.9K,1.3K,653,11
,2.7M,1.9M,156.4K,953,4.6K,12
,2.4M,2.4M,183.3K,1.2K,5.4K,11
,2.1M,3.2M,131.5K,517,3.7K,12
,5.8M,2.2M,234.3K,714,463,11
,150.3K,1.3M,124.5K,2K,3.8K,11
,2.2M,1.5M,207.4K,1.5K,730,12
,5.8M,6.1M,415.6K,10.3K,3.3K,12
,5.4M,7.6M,559.2K,18.4K,12.5K,11
,13.8M,2.4M,278.3K,1.9K,498,12
,6.4M,11.6M,920.7K,3.6K,944,12
,5.9M,3.8M,367.7K,2.4K,446,11
,6.2M,2.2M,381.7K,519,396,12
,112.1K,4.8M,270.4K,1.6K,6.4K,12
,466.7K,3.1M,444.3K,646,282,12
,16.6M,1.9M,273.3K,731,166,12
,16.5M,1.8M,290.3K,615,274,11
,497.5K,2.3M,211.4K,1.8K,2.9K,11
,1.8M,1.2M,161.9K,8.8K,1.6K,12
,1.8M,1.3M,160.9K,8.5K,1.7K,11
,5.7M,1.6M,230.3K,1.4K,155,12
,860.7K,1.6M,93.2K,454,4.1K,12
,4.5M,21.5M,2.4M,16.3K,24.5K,12
,10.2M,2.6M,389.5K,620,827,11
,9.7M,2.5M,186.5K,1.5K,1.4K,12
,5.4M,915.9K,161.7K,1K,1.5K,11
,16.4M,1.2M,157.6K,1K,1.1K,12
,1.8M,2.3M,284.2K,548,521,11
,24.1M,10.6M,1M,2.4K,2.1K,12
,23.2M,2.1M,278.8K,791,342,11
,15.6M,1.3M,236.4K,1K,1.1K,12
,15.4M,2.7M,458.5K,2.1K,1.6K,11
,4.7M,1.4M,143.8K,1.3K,801,12
,4.5M,1.6M,178.3K,2.2K,1.2K,11
,1.4M,2.7M,41.7K,953,3.1K,12
,2.1M,5.4M,383.5K,10.5K,22.7K,12
,566.1K,2.3M,132.4K,4.5K,8.5K,11
,1.2M,1.9M,115.9K,1.7K,10.8K,12
,2.4M,5M,593.6K,1.8K,1K,11
,1.4M,1.2M,188.9K,5.2K,904,11
,36.9M,7M,1.2M,2K,1K,12
,36.4M,3.2M,449.9K,1.2K,520,11
,14.3M,1.8M,132.1K,1.2K,717,12
,14.2M,2.8M,154.6K,990,1.3K,11
,1M,3M,388.1K,1.2K,2K,12
,643.4K,1.1M,143.2K,621,1.6K,11
,5.8M,2.7M,523K,612,385,12
,5.5M,2.4M,389.6K,744,1.4K,12
,6.2M,3.5M,328.5K,773,709,11
,9.5M,4.8M,772.6K,5.8K,6.9K,12
,8.9M,6.1M,764.3K,3.3K,6.6K,11
,69K,2.1M,281.4K,4K,1.1K,12
,5M,3M,270.8K,431,202,11
,60.3M,29.2M,3.5M,30.8K,7.2K,12
,55.6M,38.1M,3.8M,19K,7.8K,11
,7.1M,1M,294.1K,1.5K,7.4K,12
,7M,1M,236.3K,903,2.8K,11
,7.3M,4.6M,676.6K,3.1K,6.8K,12
,6.4M,2.7M,313.8K,855,1.9K,11
,6.8M,1.9M,218K,850,279,12
,611.4K,1.1M,297.5K,2.6K,2.3K,12
,1.3M,3.7M,154.2K,592,249,12
,3.9M,2.5M,278.1K,924,719,12
,4.1M,2.1M,228.5K,521,342,11
,154K,543.8K,103.8K,7.1K,1.3K,12
,672.8K,6.1M,395.6K,2.1K,2.3K,12
,2.8M,1.8M,144.2K,1.3K,720,12
,6M,1.9M,250K,4.7K,3.9K,12
,5.9M,1.7M,198.7K,1.8K,4K,11
,2M,2.8M,238.4K,774,218,11
,5.1M,1.8M,106.5K,3K,2K,12
,4.8M,2.2M,145.6K,2.1K,2.6K,11
,156.3K,2.8M,196.8K,936,596,12
,7.6M,2.1M,251.5K,502,330,12
,6.6M,2.3M,215.8K,928,1.4K,12
,6.5M,1.6M,219.3K,753,2.7K,11
,219.1K,3.5M,414.7K,2.5K,4.4K,11
,3.3M,2.5M,172.6K,1.7K,1.1K,12
,12.9M,3M,210.9K,473,318,12
,3.7M,2M,166K,1.2K,722,12
,3.7M,2M,189.9K,1.2K,1.1K,11
,28.4M,2.3M,259K,441,1.5K,11
,15.8M,5.6M,393.3K,666,449,12
,7.6M,3.3M,285.6K,1.5K,346,12
,7.6M,3.3M,285.6K,1.4K,346,11
,7.1M,1.7M,244.6K,1.1K,935,11
,2.3M,1.9M,129.2K,1.1K,769,12
,2.2M,1.8M,208.7K,717,428,11
,5M,1.4M,316.3K,1.5K,483,12
,3.3M,3.2M,129.6K,1.1K,713,12
,4M,5.6M,534.5K,1.2K,1.2K,11
,5.1M,2.8M,252.7K,721,654,11
,96.7K,1M,116.2K,837,2.8K,12
,15.1M,2.7M,344.4K,1.3K,436,12
,14.4M,2.8M,303K,1.4K,488,11
,7.7M,4M,216.2K,597,599,11
,1.6M,1.1M,117.6K,1.4K,1.1K,11
,4.2M,2.2M,246.7K,5.9K,5.8K,11
,6.3M,3.6M,271K,837,206,12
,6M,2.6M,249.3K,473,111,11
,3.9M,4.4M,578.7K,2.9K,955,11
,3.5M,1.6M,111.5K,3.3K,1.3K,12
,3.4M,3M,208.5K,4.9K,1.9K,11
,10M,4.7M,440.5K,9.3K,2.4K,12
,9.5M,1.2M,100.9K,2.6K,705,11
,4.3M,2.2M,168.1K,1.6K,3.3K,12
,515.4K,877.4K,215.9K,1.1K,1.1K,11
,7.2M,1.3M,191.8K,1.5K,3.6K,11
,3M,1.5M,144.4K,760,1.2K,12
,19.8M,2.6M,257.4K,1.2K,1.3K,12
,19.6M,1.7M,173.3K,1.1K,1K,11
,9.9M,2.6M,507.3K,1.3K,1.1K,11
,11.3M,5.2M,902.5K,3,4.1K,11
,4M,1.4M,197.3K,2K,440,11
,1.8M,5.5M,327.9K,643,200,12
,1.7M,6.2M,352.4K,1.2K,313,11
,2.1M,4.1M,337.1K,1.6K,1.2K,12
,2.1M,4.1M,337.1K,1.6K,1.2K,11
,4.8M,2.2M,701K,9.2K,9.3K,12
,4.6M,4.1M,1.2M,31.6K,23.7K,11
,35.1M,7.9M,725.8K,2.1K,1.8K,12
,34.6M,5.5M,707.8K,1.8K,1.7K,11
,9.4M,2.8M,398.3K,890,438,11
,7.5M,1.7M,228.9K,503,728,11
,16.6M,1.3M,182.4K,1.8K,281,11
,1.2M,756.4K,117.2K,1.7K,3.5K,12
,24.9M,12.8M,547.3K,4.7K,11.2K,12
,24.3M,16.9M,952.9K,5.6K,27.3K,11
,4.1M,938.3K,202K,1.9K,467,12
,675.6K,2.3M,451.3K,1.9K,7.7K,12
,13M,5.2M,659.2K,1.1K,515,11
,15.5M,13M,1.6M,4.2K,1.3K,12
,14.4M,7.9M,1.1M,2.5K,878,11
,1.1M,2.5M,278.7K,341,617,12
,14.6M,3.6M,446.5K,1.5K,1.5K,11
,10.6M,1.6M,351.8K,1.4K,1.2K,11
,1.2M,2.4M,194.1K,448,464,12
,4M,6.8M,772.1K,2.4K,1.2K,11
,9.4M,1.7M,298.7K,866,588,11
,1.6M,2M,166.2K,2.8K,5K,11
,5.4M,1.9M,188.1K,907,288,11
,2M,1.5M,158.9K,1.7K,515,11
,2.6M,2.7M,143.6K,1.3K,1.9K,11
,1.4M,2.6M,258.7K,286,689,11
,13.8M,2.1M,182K,1.3K,550,12
,2.7M,1.7M,260.4K,1K,738,11
,5.4M,3.3M,467.4K,450,547,11
,149.1K,606.2K,79.5K,2.1K,6.1K,12
,168.1K,1.6M,140.2K,643,2.4K,11
,5.9M,1.4M,229.1K,923,622,12
,5.8M,1.9M,308.8K,1.3K,1.4K,11
,19.5M,16.5M,668.4K,2.1K,2.7K,12
,13.9M,7.3M,147.1K,278,484,11
,1.3M,1M,147.5K,1.1K,4.8K,12
,2.4M,2.3M,387.7K,990,481,11
,5.6M,1.8M,240.6K,1.3K,1.1K,12
,3M,1.8M,177.8K,3.9K,4.1K,11
,1.8M,2.2M,331.4K,468,164,12
,514K,628.3K,86.5K,3.4K,3.2K,11
,2.9M,2.1M,165.6K,763,3.3K,12
,2.4M,2.3M,149.9K,865,2.2K,11
,2.2M,976.4K,182.9K,1.5K,10K,11
,5M,3M,359.4K,1.4K,484,11
,3.3M,1.9M,108.2K,733,1.2K,12
,14.7M,3.1M,190.4K,10K,11.6K,12
,14.7M,3.1M,190.4K,10K,11.6K,11
,3.3M,1.6M,226.7K,1.2K,8.8K,12
,3.2M,923.1K,119.9K,638,3.5K,12
,3.1M,1.1M,142.7K,562,1.8K,11
,787.3K,2.8M,131.4K,1.3K,1.1K,11
,1.6M,2M,167.5K,720,424,11
,3.4M,2.1M,345.1K,1.3K,643,11
,9.2M,2.3M,572.5K,3.3K,1.9K,12
,600.3K,4.6M,389K,2.2K,729,12
,3.6M,5.1M,397K,901,1.5K,12
,3.5M,1.1M,252.8K,1K,728,12
,5M,1.6M,227.7K,755,400,12
,7.1M,1.5M,132K,412,25K,12
,6.8M,1.7M,154.6K,650,18.8K,11
,6.7M,1.4M,207.4K,2.1K,2.4K,12
,6.7M,1.8M,319.9K,3.1K,2.8K,11
,11.2M,2.8M,361.8K,1.5K,1.5K,12
,10.6M,1.8M,236.8K,509,730,11
,3.9M,4.3M,740.3K,1.1K,3K,12
,3.9M,4.7M,848.7K,941,1.8K,11
,14.5M,2.9M,253.6K,1.2K,568,12
,12.8M,5.5M,490.4K,2K,1.1K,11
,1.3M,2.7M,452.5K,2.7K,1.8K,12
,15.2M,2M,301K,331,232,11
,3.9M,2M,252.2K,439,562,12
,76.9K,1M,272.3K,3.5K,1.4K,12
,8.6M,1.8M,143.1K,1.5K,348,11
,1.5M,757.8K,90.4K,1.5K,7.1K,12
,8.4M,4.7M,827.1K,4.8K,1.4K,12
,8.3M,6.7M,1.3M,9.9K,3.1K,11
,6.2M,3.7M,352.1K,664,1.1K,11
,454.4K,2.5M,93.2K,443,1.3K,11
,16M,2M,181.6K,676,2.3K,12
,15.7M,1.8M,146.7K,577,1.4K,11
,2.4M,2.3M,431.9K,1.5K,3.7K,12
,2.3M,1.5M,341.1K,2.5K,2.9K,11
,49.2M,2M,174.3K,1.1K,302,11
,7.6M,3M,393.9K,2.3K,2.1K,11
,6.4M,2.7M,269.1K,1.7K,9.1K,12
,6.1M,2.9M,277K,1.4K,10.7K,11
,1M,2.4M,131.9K,1.2K,1.6K,12
,552.5K,2.5M,99.8K,1.6K,1.7K,11
,552.5K,1.7M,87.8K,1.2K,1.1K,11
,5.1M,1.8M,316.8K,810,354,12
,5M,1.6M,262.7K,851,220,11
,14.5M,4.2M,500.1K,758,574,12
,13.8M,2.4M,327.8K,1K,725,11
,719.4K,1.4M,282.8K,2K,318,11
,1.2M,4.3M,167.2K,663,112,11
,2.7M,2.5M,300.2K,1.7K,2.8K,11
,1.2M,1.3M,178.2K,842,2.4K,12
,6.8M,1.8M,236.3K,1K,263,12
,5.3M,1.7M,388.2K,2.7K,3.4K,12
,5.3M,1.7M,388.2K,2.7K,3.4K,11
,6.3M,1.9M,178.2K,448,750,12
,2.9M,2.3M,422.5K,2.5K,2.4K,12
,3.1M,930.9K,67.5K,1.4K,14.8K,12
,2.9M,934.2K,63.9K,768,25.9K,11
,8.3M,2.1M,335.3K,733,258,11
,3.3M,1.9M,225.6K,3.6K,1.6K,12
,3.3M,4.2M,168.8K,896,592,11
,4.2M,2.2M,188K,784,1.3K,11
,1.7M,2.2M,300.2K,1K,824,12
,2.9M,1.9M,114.8K,1K,564,11
,2.3M,1.5M,166.7K,2.7K,851,12
,2.2M,1.6M,130.3K,2.3K,687,11
,9.5M,3.1M,266.1K,815,441,12
,1.6M,4M,314K,1.7K,520,12
,14.2M,2.7M,331.3K,1.9K,211,12
,13.9M,3.7M,617.1K,1.8K,1.1K,11
,3.1M,6.6M,464.4K,1.5K,889,12
,3.1M,17.2M,961.3K,2.6K,1.7K,11
,3.9M,3.3M,379.5K,1.5K,2.3K,12
,1.7M,3.8M,288.3K,2.2K,2.1K,12
,1.5M,2.1M,411.2K,696,654,12
,1.7M,3.4M,732.4K,5.8K,1.7K,12
,4.9M,2.1M,150.5K,860,222,11
,5M,1.6M,215.6K,1.1K,143,11
,20.1M,2M,422.2K,1.2K,1.7K,12
,19.6M,2M,405.4K,1.4K,1.3K,11
,4.1M,1.2M,139.5K,2.1K,147,11
,138.7K,2.6M,50.9K,1.8K,1.3K,12
,2.2M,4.5M,408.8K,786,708,11
,456.7K,949.2K,99.3K,991,3K,11
,43.9K,2.3M,81.1K,646,2.4K,12
,38.2M,7.5M,898.8K,1.8K,1.6K,12
,37.6M,6.1M,662.6K,1.7K,1.1K,11
,1.3M,4M,160.6K,1.9K,2.1K,12
,1.4M,3.3M,648.6K,883,510,11
,14.4M,1.6M,221K,2.8K,4.9K,12
,14M,4.8M,446.8K,3.1K,6K,11
,145.9K,8.1M,1.2M,4K,9.9K,11
,505.5K,6.4M,39.3K,538,1.1K,12
,17.1M,3.4M,433.5K,423,354,11
,8.1M,2.7M,290.8K,588,1.4K,12
,1.4M,1.8M,161K,1.7K,9.4K,12
,1.7M,2.3M,202K,587,420,11
,2.6M,1.3M,186.7K,601,2.8K,11
,461.6K,1.4M,69.1K,3.2K,2.8K,12
,4.4M,2.1M,238.4K,3.8K,6.9K,12
,4.3M,3.4M,313.1K,4.9K,7.2K,11
,4.3M,2.7M,276.6K,4.9K,6.6K,11
,34.6M,2.7M,183.3K,1K,1.2K,12
,34.2M,2.1M,124.9K,865,795,11
,74.3K,3.4M,721.7K,683,1.9K,11
,7.9M,1.8M,271.1K,2.4K,1.2K,11
,1.4M,1.9M,262.7K,509,779,11
,20.4K,455.7K,100.3K,840,6.5K,11
,19.4M,2.8M,417.3K,1.7K,497,12
,18.9M,2.7M,425K,1.5K,637,11
,3.6M,1.6M,178.9K,1K,1.5K,11
,11M,7.2M,1.4M,3.6K,1.3K,12
,10.3M,5.6M,1.2M,3.8K,1.7K,11
,282.1K,1M,172.5K,1.5K,1.9K,12
,224.5K,1.4M,349.1K,6.1K,11.4K,11
,2.1M,3.1M,425K,3.1K,3.9K,12
,2M,659.8K,142.2K,1.4K,3.3K,11
,13.4M,2.2M,237.2K,784,622,12
,13.2M,2.2M,259.8K,1K,581,11
,6.1M,2.5M,217.9K,470,462,12
,12.7M,4.3M,215.2K,1K,1.3K,12
,12.7M,6.1M,616.9K,2.5K,4.3K,11
,4M,2M,146.3K,1.6K,557,12
,3.9M,2.3M,165K,623,571,11
,7.6M,2M,164.1K,1.6K,2.5K,11
,3.3M,835.4K,177.6K,1.8K,3.2K,11
,295.7K,930.5K,135K,2.1K,1.4K,12
,1.8M,1.2M,154K,2.5K,7.8K,12
,5.1M,1.6M,146.8K,1.6K,675,12
,1M,1.1M,240.9K,2.4K,3.2K,12
,22.3M,2.7M,321.8K,1.1K,1.4K,11
,2M,1.8M,103.5K,3.6K,3.7K,12
,998.2K,766.6K,178.8K,1.7K,1.4K,11
,2.2M,2.1M,546.4K,1.1K,2.2K,12
,2M,1.1M,284.2K,712,1.1K,11
,3.8M,3.6M,261.6K,918,1.4K,11
,9.2M,2M,217.7K,899,197,11
,5.2M,882.4K,164.8K,656,2.8K,12
,5M,1.1M,199.1K,989,3.7K,11
,3.2M,2.4M,267.8K,564,3.5K,12
,3.2M,2.4M,279.6K,582,3.5K,11
,702.1K,921K,114.5K,3K,172,11
,30.2M,2.2M,251K,851,651,12
,29.7M,1.8M,239.6K,821,596,11
,12.7M,1.8M,259.6K,415,371,11
,2.4M,1.9M,148.6K,837,899,12
,198.4K,1.7M,389K,4.3K,5.4K,11
,1.8M,2M,429.5K,264,723,12
,2.8M,1M,138.6K,864,2.9K,12
,2.6M,1.3M,180.2K,752,4.3K,11
,1.3M,1.7M,257.3K,1.5K,1.1K,12
,1.3M,2.7M,404.9K,758,1.6K,11
,11.4M,3M,340.6K,578,1.9K,11
,1.2M,778.4K,78.7K,440,6.5K,12
,4.6M,2.3M,492.9K,3.6K,3.8K,11
,5M,1.7M,222.9K,965,1K,11
,2M,2.2M,114.7K,469,3.6K,12
,1.2M,2.4M,401.7K,6.4K,6.8K,11
,4M,2.5M,285.5K,692,1.2K,11
,1.3M,2.2M,107.2K,486,2.3K,12
,28.1M,10.6M,1.2M,6.1K,8.5K,12
,26.8M,4.8M,588.5K,2.4K,4K,11
,3.4M,2.7M,325.6K,295,204,12
,617.8K,700.2K,147.7K,1.9K,2.1K,12
,1.1M,2M,112.5K,1K,414,11
,25.4M,5.7M,648.5K,1.9K,5.1K,12
,24.5M,6.9M,815.1K,1.6K,6.6K,11
,2.8M,2.3M,334.3K,743,302,12
,2.5M,2.5M,367.8K,1.6K,443,11
,9.7M,2.1M,202.8K,1.6K,245,12
,9.6M,1.7M,229.8K,1.6K,266,11
,3.1M,1.4M,200.1K,510,3.1K,12
,3.2M,3.8M,466.8K,4.3K,5.2K,12
,9.8M,1.9M,362.8K,1K,723,12
,9.5M,1.2M,245.9K,567,1.3K,11
,1.8M,1.2M,163.2K,1.1K,5.5K,12
,11.2M,1.3M,155.5K,1.4K,337,11
,3.8M,3.1M,321.1K,6.3K,584,12
,3.7M,2.2M,205.7K,3K,346,11
,13.3M,1.6M,386.3K,2.2K,843,12
,13.1M,2.9M,361.7K,1.7K,1K,11
,2.7M,5.3M,749K,2.2K,2.1K,12
,1.5M,2.3M,271.7K,419,890,12
,5.3M,2.6M,145.6K,1.1K,515,12
,8.1M,8.5M,709K,4.6K,2.4K,12
,6.7M,4.6M,249.6K,1.7K,552,11
,3.6M,1.2M,277K,2.2K,1.8K,12
,33K,1.1M,108.1K,4.5K,514,11
,2.6M,3.8M,480.5K,942,931,11
,3M,1.7M,128.5K,2.8K,466,11
,7.1M,1.9M,77.7K,1.4K,1.7K,12
,1.5M,1.4M,226.7K,767,761,11
,3.5M,2.5M,450.9K,1.4K,2.5K,12
,3M,3.4M,638.3K,2.8K,3.8K,11
,3.2M,2.5M,382K,434,659,12
,3.2M,2.6M,220K,1K,3.4K,11
,358.7K,837.9K,294.3K,1.6K,1.3K,11
,4.4M,2.4M,502K,1.7K,481,12
,4.3M,3.9M,827.2K,3.5K,1.3K,11
,7.5M,1.9M,337.7K,698,323,12
,2.2M,1.1M,205.3K,1.1K,2.2K,12
,2.1M,3.6M,531.8K,4K,2.3K,11
,9M,3.6M,220.7K,3.7K,1.6K,12
,8.7M,3.7M,329.2K,5.1K,15.5K,11
,4.2M,3.1M,316K,1.6K,541,12
,2M,1.7M,275.6K,780,117,11
,2.7M,3.3M,111.7K,5.6K,1.4K,12
,100.9K,903.3K,79.3K,486,7.3K,12
,7.5M,1M,183.6K,1.1K,727,11
,5M,3.8M,401.7K,308,309,11
,6.1M,1.7M,188.6K,1.5K,791,12
,5.8M,3.2M,360.4K,1.9K,936,11
,958K,1.3M,164.9K,1.3K,989,11
,1.1M,1.2M,112.1K,2.3K,2.3K,12
,533.2K,61.1M,70K,539,1.3K,11
,2.1M,1.8M,194.3K,1.3K,857,11
,44.9M,4.5M,545.6K,3.7K,1.3K,12
,44.2M,6.3M,1.1M,4.6K,2.9K,11
,723.3K,3.7M,472.7K,694,488,12
,5.6M,2M,303.1K,2.1K,4.3K,12
,5.4M,1.8M,304.2K,639,448,11
,5.2M,2.7M,227.7K,1.3K,662,11
,6.6M,2.9M,876.9K,12.1K,9.4K,12
,7.7M,2.2M,178.6K,801,458,11
,1.8M,2.3M,142.8K,702,1.6K,12
,27.3M,3.1M,305.8K,2.3K,747,12
,26.5M,4.7M,401.2K,2.4K,3.4K,11
,2.6M,3.7M,113.6K,2K,5.1K,12
,2.2M,4.1M,123.2K,1.4K,4.9K,11
,6.4M,1.9M,150K,1K,1.3K,12
,2.9M,983.9K,160.1K,1.4K,1.4K,12
,1.1M,1.7M,294.9K,2K,1.2K,12
,1.4M,2.2M,336.9K,926,393,11
,397.5K,1.4M,184K,1.8K,2.6K,11
,1.7M,1.3M,78.9K,179,6.8K,11
,4.3M,2.4M,366.7K,1.7K,269,12
,4M,2.7M,459.2K,1.5K,401,11
,7.1M,1.3M,147.4K,898,1.2K,11
,1.5M,11.1M,695.5K,506,3.1K,12
,598K,6.4M,478.2K,542,499,12
,10.4M,1.8M,156.8K,793,1K,12
,14.3M,2.7M,281.2K,434,126,11
,2.6M,1.4M,178.4K,769,1.3K,11
,408.2K,935.7K,206.8K,1.3K,2.8K,12
,5.9M,2.6M,467.2K,1.1K,4.6K,12
,5.5M,3.3M,569.1K,1.5K,5.3K,11
,6M,1.8M,137.4K,1.2K,607,11
,6M,1.8M,137.4K,1.2K,607,11
,360.6K,1.5M,229.6K,803,1.2K,11
,4.4M,1.2M,190.3K,476,3.7K,12
,11.2M,2.4M,187.9K,1.3K,856,12
,10.6M,2.1M,223.5K,977,744,11
,2.3M,5.9M,171.6K,4K,6.9K,12
,2.3M,5.9M,171.6K,4K,6.9K,11
,126.4K,2.3M,252K,1.8K,2.7K,12
,1M,2.4M,493.1K,2.1K,1.7K,12
,897.2K,1M,185.7K,1.1K,658,11
,13M,4.4M,369.1K,1.9K,716,12
,12.7M,5.5M,495K,1.6K,774,11
,638.2K,2.7M,237.5K,976,494,12
,13.9M,2.2M,195.3K,664,408,12
,20.8M,5M,857.4K,2.8K,2.6K,11
,31.4K,14M,1.2M,678,705,12
,1.6M,834.2K,165.2K,482,2.5K,12
,1.6M,10.8M,1.3M,1.9K,3.9K,12
,326.9K,4.3M,580.9K,680,1.6K,11
,3.3M,1.7M,243.7K,442,3.6K,12
,205.5K,1.3M,132.1K,2.8K,1.3K,11
,2.8M,1.8M,379.6K,2.9K,1.8K,12
,8.5M,1.4M,334.2K,1.6K,1.3K,11
,24.8M,1M,145.8K,1.7K,2K,12
,24.5M,1.1M,148.4K,1.2K,955,11
,4.6M,1.6M,142.6K,1K,3.3K,11
,5M,2M,288.2K,823,513,11
,2.4M,1.3M,62.3K,2K,4.3K,12
,2.1M,1.5M,106K,2.7K,2.7K,11
,2.1M,1.2M,88.5K,1.9K,2.4K,11
,12.2M,2.3M,216.8K,545,519,11
,4.4M,2.3M,195.5K,1.3K,295,12
,4.4M,1.4M,182.1K,920,525,11
,15.2M,3.5M,358.1K,526,410,12
,14.8M,3.3M,397K,661,351,11
,17.9M,3.8M,180.7K,679,2.3K,11
,555.6K,1.2M,128.4K,963,4.1K,12
,5.2M,1.5M,283.5K,800,1.4K,11
,5.4M,1.7M,295.5K,722,3K,12
,5.2M,1.8M,332.6K,1K,3.8K,11
,1.4M,1.2M,150.6K,563,2.1K,11
,14M,3.7M,373.9K,4.7K,652,12
,13.4M,3.2M,332.3K,6.9K,1.1K,11
,14.1M,4.2M,497.6K,3.7K,2.1K,12
,13.9M,4.3M,622K,3K,2.1K,11
,20M,1.9M,180.7K,1.6K,104,12
,5.3M,4.2M,416.7K,666,258,12
,4.9M,7.4M,789.4K,1.5K,991,11
,599.1K,1.7M,112.9K,887,34.4K,12
,9M,1.3M,165.5K,982,556,11
,1.1M,1.5M,179.9K,194,14.8K,11
,6M,3.3M,267.3K,324,246,12
,1.3M,8.2M,1.4M,12K,2.9K,11
,11.1M,1.4M,257.8K,853,1.1K,12
,11.1M,1.3M,150.5K,732,959,11
,4.6M,2M,173.7K,1.2K,1.2K,11
,6M,1.4M,248.8K,469,1.7K,12
,9.2M,1.3M,298.7K,9.1K,2.8K,12
,9.1M,7.1M,1.2M,7.4K,3.3K,11
,11.4M,2.3M,322.2K,1.4K,1.5K,12
,11.1M,4.5M,600.7K,2.5K,1.7K,11
,5.1M,1.3M,259K,1.9K,615,12
,4.7M,2.2M,505.2K,2.2K,969,11
,13.4M,1.9M,312.7K,2.4K,1.4K,12
,11.9M,3.6M,811.7K,4K,3.6K,11
,1.1M,1.2M,321.7K,3.1K,3K,11
,2.5M,3.5M,344K,1.9K,1.2K,11
,471.5K,2.7M,238.3K,1.4K,548,11
,19.9M,11.5M,1.3M,6.3K,1.4K,12
,15.9M,3.4M,491.7K,1.5K,544,11
,2.3M,7.6M,181.5K,3.1K,1.5K,11
,9.2M,1.9M,161.2K,1.5K,423,11
,7M,3.1M,347.2K,6K,10.5K,12
,1.8M,1.1M,242.7K,2.9K,4.6K,11
,4.1M,3.3M,473.8K,1.2K,513,12
,4.1M,6.1M,808.9K,4.8K,1.6K,11
,4.1M,6.1M,808.9K,4.8K,1.6K,11
,2.1M,4.3M,479.7K,1.4K,857,12
,4.2M,2.1M,212K,2.9K,1.9K,12
,161.3K,1.1M,260.7K,365,2.9K,12
,13.1M,2.1M,331.5K,635,293,12
,12.9M,2.3M,392.7K,714,183,11
,1.1M,1M,201.4K,2K,4.2K,12
,2.5M,3.1M,297K,701,868,11
,2.6M,2.3M,154.4K,511,713,12
,2.5M,3M,170.7K,453,713,11
,1.1M,3.2M,445.7K,707,1.6K,12
,3.1M,1.8M,39.6K,35.2K,1.9K,11
,2.9M,985.9K,150.1K,646,5.2K,12
,2.5M,871.2K,116K,431,4.6K,11
,62.2K,1.4M,263.7K,1.1K,2.3K,12
,8.1M,4.1M,212.9K,2.7K,376,11
,308.4K,1.9M,219.4K,1.1K,1.4K,12
,3.8M,3M,146.6K,884,347,12
,3.7M,3.6M,213K,403,159,11
,3.9M,1.8M,266.6K,827,1.5K,12
,2.8M,1.8M,250.6K,1.3K,1.8K,11
,15.3M,6M,843.1K,21.3K,10.6K,11
,966.1K,1.7M,118K,1.2K,532,11
,2.6M,788.6K,194.6K,1.2K,4.3K,12
,6.8M,1.1M,214.1K,1.5K,2.7K,11
,2.7M,1.9M,103.1K,2.5K,4.8K,11
,4.4M,2.1M,277.2K,507,502,12
,125.7K,13.6M,914.6K,728,6.1K,12
,1.4M,666.6K,160.6K,1.4K,2.6K,11
,11.6M,2.7M,372K,3.7K,5.7K,12
,11.2M,2M,294.2K,2.4K,4K,11
,729.8K,2.2M,101.5K,2.6K,464,12
,189.3K,981K,139.1K,187,3.5K,12
,32.7M,2.7M,204.4K,534,735,12
,4.2M,1.8M,344.8K,923,832,12
,7.2M,4.6M,660.7K,2.1K,571,12
,5.1M,3.5M,405K,872,176,11
,896.9K,2.5M,212.6K,1.7K,2.1K,12
,6.2M,2.8M,458.3K,1.3K,2.9K,12
,6M,2.1M,287.4K,883,1.6K,11
,12.8M,1.3M,242K,1.1K,214,11
,12.8M,1.3M,242K,1.1K,214,11
,11.6M,13.2M,2.9M,5.7K,50.5K,12
,11.5M,2.3M,198.5K,1.9K,1.6K,11
,3.7M,1.9M,255.6K,454,607,12
,3.2M,2.6M,379.7K,869,1.4K,11
,9M,1.2M,174.6K,977,8K,12
,9M,1.2M,174.6K,977,8K,11
,3.1M,1.1M,130.7K,1.5K,1.8K,12
,3.2M,1.4M,181K,671,2K,12
,3M,4.2M,538.7K,3.6K,3.7K,11
,21.3M,2.2M,339.6K,831,340,12
,21.3M,2.5M,303.9K,1.1K,324,11
,6M,1.6M,256.6K,1.6K,285,12
,5.7M,1.4M,175.4K,1.6K,366,11
,2.5M,2.8M,253K,4.6K,6.7K,12
,1.3M,2M,178.9K,1.1K,246,12
,5.1M,770.5K,164.2K,803,2.5K,11
,5.1M,770.5K,164.2K,803,2.5K,11
,6M,2.5M,350.9K,518,2K,12
,6.9M,3.3M,598.9K,3.5K,1.5K,12
,6.1M,2.1M,365K,1K,749,11
,2M,2.5M,169.1K,1.7K,544,11
,1.8M,1.5M,288.7K,768,195,12
,308K,2.2M,172.1K,1.3K,22.4K,12
,6.2M,1.1M,238K,1.9K,999,11
,3.3M,1.4M,176.1K,1.5K,1.9K,12
,3.1M,2.6M,302.3K,1K,9.3K,11
,1.1M,1.3M,241.3K,1.6K,1.7K,12
,238.9K,5.2M,655.3K,3.5K,258,12
,16.1M,6.4M,227.3K,1.3K,4.4K,12
,15.7M,3M,164.1K,533,2.9K,11
,64.3M,3.6M,626K,8K,7.8K,12
,63.2M,6.4M,689.8K,10.8K,4.1K,11
,2.5M,1.8M,153.5K,2.4K,3.8K,12
,782.4K,2.8M,284.6K,5.1K,18.2K,12
,11.1M,4.1M,107.4K,793,326,12
,6M,1M,128K,1.8K,2.5K,12
,5.2M,2M,229.2K,1.1K,351,11
,2.3M,2M,335.4K,679,1.5K,12
,8M,9.2M,789.2K,2.7K,3.8K,12
,8M,9.2M,789.2K,2.7K,3.8K,12
,8M,14.2M,1.5M,5.4K,13.3K,11
,5.1M,1.6M,189.5K,592,1.4K,11
,6.5M,1.7M,189.7K,4.8K,373,12
,1.7M,2.1M,93.5K,1.3K,382,11
,4.7M,1.8M,236.1K,13.5K,1.2K,11
,2.1M,2.3M,250.5K,289,452,12
,9.3M,5.8M,709K,972,1.2K,12
,9M,3.5M,443.7K,604,370,11
,3.9M,1.6M,236.5K,3K,445,11
,7.4M,10.8M,37K,548,643,11
,1.6M,2.5M,229.8K,1K,2.8K,11
,1.3M,2.4M,504.9K,2.1K,1.9K,12
,1.1M,1.3M,225.6K,2.1K,291,11
,30M,1.9M,94.2K,1K,1.4K,11
,11.9M,1.1M,247.2K,3.4K,1.2K,11
,674.5K,2.2M,304.6K,1.3K,2.3K,12
,23.2M,1.8M,202.3K,1.6K,510,12
,23.2M,1.5M,157.1K,1.5K,331,11
,3.1M,968.8K,210K,857,2.1K,11
,18.8M,2.9M,340.9K,2.3K,513,12
,18.7M,5.3M,507K,2.7K,913,11
,30.4M,3.2M,165.7K,1.8K,209,12
,7.4M,2.3M,286.3K,432,680,11
,9.3M,1.3M,242.1K,709,2.6K,12
,9.1M,2M,313.6K,755,2.7K,11
,4M,1.5M,237.4K,1.5K,485,11
,10.7M,1.7M,258.2K,648,979,12
,10.6M,959.7K,168.8K,293,1.9K,11
,2.5M,3.7M,769.5K,1.9K,5.1K,11
,2.8M,892.7K,140.2K,1K,7K,12
,2.7M,891K,133.6K,1.1K,4.4K,11
,9.6M,1.4M,146.5K,1.3K,2.5K,12
,18.4M,8M,1.6M,15.9K,10.6K,11
,4.8M,1.3M,276.5K,4.8K,2.9K,12
,7.3M,1.9M,181.7K,2.5K,677,12
,17.6M,2.5M,260.6K,1.3K,1.4K,11
,5.6M,12.1M,678.2K,11.7K,6.5K,12
,19M,3M,847.2K,13.9K,9.8K,12
,18.5M,4.3M,1.5M,29K,11.2K,11
,18.5M,1.2M,176.8K,2.1K,528,12
,1.2M,1.8M,156.5K,926,258,11
,12.7M,1.7M,154.3K,1.4K,1.7K,11
,778.4K,1.4M,158.9K,282,1.8K,11
,6.4M,1.7M,142.7K,1.8K,223,12
,6.3M,1.4M,128.8K,2.3K,275,11
,6.3M,1.4M,128.8K,2.3K,275,11
,9M,2.8M,447.5K,273,292,12
,8.9M,3.5M,382.4K,427,319,11
,77K,2.4M,262.3K,527,217,12
,10.2M,4.5M,564.6K,1.3K,537,11
,1.4M,2.4M,399.9K,923,577,12
,1.3M,1.7M,353K,1K,287,11
,6M,3.1M,303.1K,2.5K,876,12
,6M,1.6M,314K,1.8K,814,11
,11.1M,2.5M,127.7K,1K,848,11
,19.8M,18.5M,1.9M,5.4K,16.3K,12
,4.6M,2.7M,213.1K,6K,5.6K,12
,4.4M,1.1M,123.2K,2.9K,2.7K,11
,2.1M,1.3M,107K,685,3.6K,11
,401.7K,2.7M,140.3K,955,219,12
,8.3M,5.1M,540.8K,1K,699,11
,958.6K,1.4M,220.1K,1.9K,2.7K,11
,26.9M,2.9M,275.6K,2.2K,1.3K,12
,26.5M,3.3M,345K,2.4K,1.4K,11
,1.1M,2.9M,217.9K,1.8K,410,11
,15.2M,1.6M,263.3K,2.2K,856,12
,15M,2.8M,473.9K,3.8K,2.1K,11
,5.4M,2.5M,486.4K,3.2K,11.4K,12
,5.1M,4.2M,897.3K,7.7K,39.6K,11
,22.9M,1.7M,260.1K,1K,1.2K,12
,22.4M,3M,562.2K,2K,2.2K,11
,8.7M,2.8M,337.1K,1.2K,2.5K,12
,2.7M,2M,209.5K,778,1.2K,12
,7.7M,1.4M,163.4K,5.3K,2.8K,12
,7.5M,1.4M,168.8K,3.6K,1.7K,11
,29.8K,2.4M,222.7K,990,856,12
,12.2M,2.4M,224.3K,801,287,12
,11.9M,2.2M,223.1K,726,265,11
,21.4M,3.3M,267.5K,2.1K,1.4K,12
,20.4M,2.1M,183.8K,2.2K,2K,11
,2.6M,3.3M,607.7K,1K,1.7K,12
,5.8M,2.5M,107.5K,1.8K,220,12
,249.7K,3.7M,111.8K,927,4.8K,12
,35.3M,2.2M,188.2K,916,356,12
,34.8M,2.8M,393.3K,1.1K,720,11
,13.4M,1.9M,232.7K,1.2K,432,12
,976.8K,1.7M,154.9K,968,352,11
,1M,1.4M,125.7K,350,2.9K,12
,4.2M,4.9M,278.1K,969,698,12
,6.1M,1.6M,153.6K,434,979,11
,4.8M,2M,315.9K,2.8K,5.4K,12
,467.7K,3.6M,301.7K,3.3K,5.9K,12
,35M,2.9M,172.1K,920,1.1K,12
,35M,2.9M,172.1K,920,1.1K,11
,1.4M,1.3M,111.5K,521,2.7K,11
,9M,2.1M,174.1K,2.5K,1.6K,12
,7.7M,1.9M,152.4K,1.6K,1.1K,11
,20.9M,13M,888.6K,5K,3.8K,12
,19.4M,4.9M,299.1K,4K,2.7K,11
,73M,4.7M,514.6K,2.2K,2K,12
,7.1M,6.4M,421.5K,1.7K,3.4K,12
,6.2M,4M,318.2K,1.1K,1K,11
,499.7K,1.8M,305.5K,2K,5.2K,12
,8.7M,1.4M,199.7K,1.3K,415,12
,2.3M,1.3M,183.1K,973,1.2K,11
,17.4M,2.7M,344.3K,333,429,11
,14.3M,3M,305.4K,1.4K,2.5K,12
,13.8M,4.4M,540.1K,4.1K,3.9K,11
,2.9M,1.2M,121.5K,5.2K,1.9K,12
,2.6M,1.8M,202.1K,5.9K,2.5K,11
,1.2M,2.5M,336.7K,64.8K,192,12
,8.9M,2.9M,247.3K,705,786,12
,8.6M,1.7M,201.7K,354,655,11
,1.8M,5.3M,235.1K,2K,213,12
,7.1M,1.5M,262.9K,1K,485,12
,6.6M,1.2M,212K,1.3K,413,11
,6.1M,25M,1.7M,16.6K,5.3K,12
,4.7M,9.2M,1M,1.6K,3.1K,12
,4.3M,2.9M,434.6K,1.6K,1.8K,11
,1.3M,3M,88.3K,767,708,11
,4.1M,2.1M,112.8K,1.4K,2.9K,12
,3.3M,2M,137.7K,1.4K,3K,11
,1M,1.5M,230.1K,1.1K,495,12
,779.9K,1.3M,221.2K,840,629,11
,2.8M,1.5M,96.1K,14.2K,2.3K,12
,2.8M,3.2M,237.9K,2.4K,816,11
,4.7M,2.3M,181.4K,706,176,11
,14.2M,2.8M,266.2K,554,253,12
,5.3M,7.3M,645.7K,1.4K,485,12
,4.1M,3.2M,239.7K,684,268,11
,17.5M,2.7M,166K,874,425,12
,2.5M,2.2M,318.9K,1.7K,2.3K,12
,199.1K,2.4M,231.6K,639,2.6K,11
,270.8K,796.9K,219.5K,1.6K,2.3K,12
,835K,2M,128.5K,509,972,11
,145.6K,26.8M,2.2M,30.1K,71.2K,11
,2.2M,1.4M,293.3K,820,240,12
,5.7M,2.7M,450.1K,1.2K,3.4K,11
,287.6K,4.2M,273.8K,734,126,11
,3.7M,1M,54.3K,1.2K,7.1K,12
,3M,5M,364K,1.7K,1.6K,11
,7M,1.8M,313.1K,925,1.1K,12
,1.1M,2.7M,340.6K,1.6K,1.2K,12
,15.7M,1.7M,246.3K,967,2K,12
,15.5M,2.2M,280.8K,995,1.5K,11
,2.8M,1.7M,191.6K,2.7K,3.8K,12
,795.5K,4M,194.7K,2.1K,887,12
,1.2M,8.2M,320K,3K,11.8K,12
,8.9M,48.9M,998.4K,16.3K,60.9K,12
,796.1K,984.5K,144.8K,1.2K,1.3K,11
,4.7M,1.6M,280.8K,546,1.5K,11
,72.1M,11.5M,466.4K,1.6K,1.5K,12
,70.7M,9.3M,591K,1.1K,1.4K,11
,1.3M,958.4K,212.8K,2.4K,7.3K,12
,3.1M,1.5M,139.6K,1.2K,3.1K,11
,2.1M,1M,241.3K,996,3.8K,12
,2M,1.5M,278.5K,818,2.3K,11
,2.6M,1.3M,273K,648,768,12
,2.1M,2M,221.2K,1K,1.5K,11
,14.7M,1.8M,233.8K,474,353,11
,4.1M,3.7M,225.4K,1K,807,11
,13M,3M,546.3K,1.1K,3K,11
,15.4M,3.3M,466K,1.5K,410,12
,2.7M,4M,386.7K,7.4K,5.9K,12
,2.4M,1.6M,207.3K,2.1K,2.6K,11
,8.3M,6.1M,334.6K,2.7K,1.2K,12
,1M,1.7M,106.6K,1.4K,1.2K,12
